category,prod_name,date,price
大白菜,大白菜,2024-09-28,1.25
大白菜,大白菜,2024-09-29,1.2
大白菜,大白菜,2024-09-30,1.2
大白菜,大白菜,2024-10-01,1.2
大白菜,大白菜,2024-10-02,1.6000000000000001
大白菜,大白菜,2024-10-03,1.5
大白菜,大白菜,2024-10-04,1.2
大白菜,大白菜,2024-10-05,1.2
大白菜,大白菜,2024-10-06,1.1499999999999999
大白菜,大白菜,2024-10-07,1.3
大白菜,大白菜,2024-10-08,1.1499999999999999
大白菜,大白菜,2024-10-09,1.1499999999999999
大白菜,大白菜,2024-10-10,1.1499999999999999
大白菜,大白菜,2024-10-11,1.1000000000000001
大白菜,大白菜,2024-10-12,1
大白菜,大白菜,2024-10-13,0.80000000000000004
大白菜,大白菜,2024-10-14,0.80000000000000004
大白菜,大白菜,2024-10-15,0.80000000000000004
大白菜,大白菜,2024-10-16,0.75
大白菜,大白菜,2024-10-17,0.75
大白菜,大白菜,2024-10-18,0.75
大白菜,大白菜,2024-10-19,0.75
大白菜,大白菜,2024-10-20,0.75
大白菜,大白菜,2024-10-21,0.75
大白菜,大白菜,2024-10-22,0.75
大白菜,大白菜,2024-10-23,0.75
大白菜,大白菜,2024-10-24,0.69999999999999996
大白菜,大白菜,2024-10-25,0.65000000000000002
大白菜,大白菜,2024-10-26,0.65000000000000002
大白菜,大白菜,2024-10-27,0.65000000000000002
大白菜,大白菜,2024-10-28,0.63
大白菜,大白菜,2024-10-29,0.59999999999999998
大白菜,大白菜,2024-10-30,0.59999999999999998
大白菜,大白菜,2024-10-31,0.55000000000000004
大白菜,大白菜,2024-11-01,0.53000000000000003
大白菜,大白菜,2024-11-02,0.47999999999999998
大白菜,大白菜,2024-11-03,0.47999999999999998
大白菜,大白菜,2024-11-04,0.47999999999999998
大白菜,大白菜,2024-11-05,0.47999999999999998
大白菜,大白菜,2024-11-06,0.5
大白菜,大白菜,2024-11-07,0.5
大白菜,大白菜,2024-11-08,0.45000000000000001
大白菜,大白菜,2024-11-09,0.40000000000000002
大白菜,大白菜,2024-11-10,0.40000000000000002
大白菜,大白菜,2024-11-11,0.40000000000000002
大白菜,大白菜,2024-11-12,0.40000000000000002
大白菜,大白菜,2024-11-13,0.40000000000000002
大白菜,大白菜,2024-11-14,0.42999999999999999
大白菜,大白菜,2024-11-15,0.40000000000000002
大白菜,大白菜,2024-11-16,0.40000000000000002
大白菜,大白菜,2024-11-17,0.40000000000000002
大白菜,大白菜,2024-11-18,0.40000000000000002
大白菜,大白菜,2024-11-19,0.40000000000000002
大白菜,大白菜,2024-11-20,0.40000000000000002
大白菜,大白菜,2024-11-21,0.40000000000000002
大白菜,大白菜,2024-11-22,0.38
大白菜,大白菜,2024-11-23,0.34999999999999998
大白菜,大白菜,2024-11-24,0.38
大白菜,大白菜,2024-11-25,0.40000000000000002
大白菜,大白菜,2024-11-26,0.45000000000000001
大白菜,大白菜,2024-11-27,0.45000000000000001
大白菜,大白菜,2024-11-28,0.45000000000000001
大白菜,大白菜,2024-11-29,0.45000000000000001
大白菜,大白菜,2024-11-30,0.42999999999999999
大白菜,大白菜,2024-12-01,0.42999999999999999
大白菜,大白菜,2024-12-02,0.42999999999999999
大白菜,大白菜,2024-12-03,0.42999999999999999
大白菜,大白菜,2024-12-04,0.42999999999999999
大白菜,大白菜,2024-12-05,0.42999999999999999
大白菜,大白菜,2024-12-06,0.42999999999999999
大白菜,大白菜,2024-12-07,0.42999999999999999
大白菜,大白菜,2024-12-08,0.42999999999999999
大白菜,大白菜,2024-12-09,0.42999999999999999
大白菜,大白菜,2024-12-10,0.42999999999999999
大白菜,大白菜,2024-12-11,0.42999999999999999
大白菜,大白菜,2024-12-12,0.42999999999999999
大白菜,大白菜,2024-12-13,0.42999999999999999
大白菜,大白菜,2024-12-14,0.42999999999999999
大白菜,大白菜,2024-12-15,0.40000000000000002
大白菜,大白菜,2024-12-16,0.40000000000000002
大白菜,大白菜,2024-12-17,0.40000000000000002
大白菜,大白菜,2024-12-18,0.40000000000000002
大白菜,大白菜,2024-12-19,0.40000000000000002
大白菜,大白菜,2024-12-20,0.42999999999999999
大白菜,大白菜,2024-12-21,0.5
大白菜,大白菜,2024-12-22,0.45000000000000001
大白菜,大白菜,2024-12-23,0.47999999999999998
大白菜,大白菜,2024-12-24,0.47999999999999998
大白菜,大白菜,2024-12-25,0.47999999999999998
大白菜,大白菜,2024-12-26,0.47999999999999998
大白菜,大白菜,2024-12-27,0.47999999999999998
大白菜,大白菜,2024-12-28,0.47999999999999998
大白菜,大白菜,2024-12-29,0.47999999999999998
大白菜,大白菜,2024-12-30,0.47999999999999998
大白菜,大白菜,2024-12-31,0.47999999999999998
大白菜,大白菜,2025-01-01,0.47999999999999998
大白菜,大白菜,2025-01-02,0.47999999999999998
大白菜,大白菜,2025-01-03,0.47999999999999998
大白菜,大白菜,2025-01-04,0.45000000000000001
大白菜,大白菜,2025-01-05,0.45000000000000001
大白菜,大白菜,2025-01-06,0.45000000000000001
大白菜,大白菜,2025-01-07,0.45000000000000001
大白菜,大白菜,2025-01-08,0.45000000000000001
大白菜,大白菜,2025-01-09,0.47999999999999998
大白菜,大白菜,2025-01-10,0.47999999999999998
大白菜,大白菜,2025-01-11,0.47999999999999998
大白菜,大白菜,2025-01-12,0.47999999999999998
大白菜,大白菜,2025-01-13,0.47999999999999998
大白菜,大白菜,2025-01-14,0.47999999999999998
大白菜,大白菜,2025-01-15,0.47999999999999998
大白菜,大白菜,2025-01-16,0.45000000000000001
大白菜,大白菜,2025-01-17,0.42999999999999999
大白菜,大白菜,2025-01-18,0.40000000000000002
大白菜,大白菜,2025-01-19,0.40000000000000002
大白菜,大白菜,2025-01-20,0.42999999999999999
大白菜,大白菜,2025-01-21,0.45000000000000001
大白菜,大白菜,2025-01-22,0.45000000000000001
大白菜,大白菜,2025-01-23,0.45000000000000001
大白菜,大白菜,2025-01-24,0.5
大白菜,大白菜,2025-01-25,0.55000000000000004
大白菜,大白菜,2025-01-26,0.69999999999999996
大白菜,大白菜,2025-01-27,0.90000000000000002
大白菜,大白菜,2025-02-05,0.57999999999999996
大白菜,大白菜,2025-02-06,0.57999999999999996
大白菜,大白菜,2025-02-07,0.57999999999999996
大白菜,大白菜,2025-02-08,0.57999999999999996
大白菜,大白菜,2025-02-09,0.57999999999999996
大白菜,大白菜,2025-02-10,0.5
大白菜,大白菜,2025-02-11,0.47999999999999998
大白菜,大白菜,2025-02-12,0.45000000000000001
大白菜,大白菜,2025-02-13,0.55000000000000004
大白菜,大白菜,2025-02-14,0.40000000000000002
大白菜,大白菜,2025-02-15,0.40000000000000002
大白菜,大白菜,2025-02-16,0.40000000000000002
大白菜,大白菜,2025-02-17,0.42999999999999999
大白菜,大白菜,2025-02-18,0.42999999999999999
大白菜,大白菜,2025-02-19,0.42999999999999999
大白菜,大白菜,2025-02-20,0.42999999999999999
大白菜,大白菜,2025-02-21,0.42999999999999999
大白菜,大白菜,2025-02-22,0.40000000000000002
大白菜,大白菜,2025-02-23,0.34999999999999998
大白菜,大白菜,2025-02-24,0.34999999999999998
大白菜,大白菜,2025-02-25,0.34999999999999998
大白菜,大白菜,2025-02-26,0.34999999999999998
大白菜,大白菜,2025-02-27,0.34999999999999998
大白菜,大白菜,2025-02-28,0.34999999999999998
大白菜,大白菜,2025-03-01,0.34999999999999998
大白菜,大白菜,2025-03-02,0.34999999999999998
大白菜,大白菜,2025-03-03,0.47999999999999998
大白菜,大白菜,2025-03-04,0.47999999999999998
大白菜,大白菜,2025-03-05,0.47999999999999998
大白菜,大白菜,2025-03-06,0.47999999999999998
大白菜,大白菜,2025-03-07,0.42999999999999999
大白菜,大白菜,2025-03-08,0.42999999999999999
大白菜,大白菜,2025-03-09,0.45000000000000001
大白菜,大白菜,2025-03-10,0.45000000000000001
大白菜,大白菜,2025-03-11,0.42999999999999999
大白菜,大白菜,2025-03-12,0.42999999999999999
大白菜,大白菜,2025-03-13,0.40000000000000002
大白菜,大白菜,2025-03-14,0.40000000000000002
大白菜,大白菜,2025-03-15,0.40000000000000002
大白菜,大白菜,2025-03-16,0.40000000000000002
大白菜,大白菜,2025-03-17,0.42999999999999999
大白菜,大白菜,2025-03-18,0.42999999999999999
大白菜,大白菜,2025-03-19,0.42999999999999999
大白菜,大白菜,2025-03-20,0.42999999999999999
大白菜,大白菜,2025-03-21,0.42999999999999999
大白菜,大白菜,2025-03-22,0.40000000000000002
大白菜,大白菜,2025-03-23,0.40000000000000002
大白菜,大白菜,2025-03-24,0.40000000000000002
大白菜,大白菜,2025-03-25,0.40000000000000002
大白菜,大白菜,2025-03-26,0.40000000000000002
大白菜,大白菜,2025-03-27,0.45000000000000001
大白菜,大白菜,2025-03-28,0.40000000000000002
大白菜,大白菜,2025-03-29,0.40000000000000002
大白菜,大白菜,2025-03-30,0.40000000000000002
大白菜,大白菜,2025-03-31,0.40000000000000002
大白菜,大白菜,2025-04-01,0.42999999999999999
大白菜,大白菜,2025-04-02,0.42999999999999999
大白菜,大白菜,2025-04-03,0.47999999999999998
大白菜,大白菜,2025-04-04,0.47999999999999998
大白菜,大白菜,2025-04-05,0.47999999999999998
大白菜,大白菜,2025-04-06,0.45000000000000001
大白菜,大白菜,2025-04-07,0.59999999999999998
大白菜,大白菜,2025-04-08,0.59999999999999998
大白菜,大白菜,2025-04-09,0.59999999999999998
大白菜,大白菜,2025-04-10,0.59999999999999998
大白菜,大白菜,2025-04-11,0.59999999999999998
大白菜,大白菜,2025-04-12,0.90000000000000002
大白菜,大白菜,2025-04-13,0.57999999999999996
大白菜,大白菜,2025-04-14,0.57999999999999996
大白菜,大白菜,2025-04-15,0.65000000000000002
大白菜,大白菜,2025-04-16,0.65000000000000002
大白菜,大白菜,2025-04-17,0.65000000000000002
大白菜,大白菜,2025-04-18,0.65000000000000002
大白菜,大白菜,2025-04-19,0.65000000000000002
大白菜,大白菜,2025-04-20,0.65000000000000002
大白菜,大白菜,2025-04-21,0.63
大白菜,大白菜,2025-04-22,0.63
大白菜,大白菜,2025-04-23,0.63
大白菜,大白菜,2025-04-24,0.63
大白菜,大白菜,2025-04-25,0.63
大白菜,大白菜,2025-04-26,0.63
大白菜,大白菜,2025-04-27,0.59999999999999998
大白菜,大白菜,2025-04-28,0.57999999999999996
大白菜,大白菜,2025-04-29,0.57999999999999996
大白菜,大白菜,2025-04-30,0.57999999999999996
大白菜,大白菜,2025-05-01,0.47999999999999998
大白菜,大白菜,2025-05-02,0.42999999999999999
大白菜,大白菜,2025-05-03,0.40000000000000002
大白菜,大白菜,2025-05-04,0.40000000000000002
大白菜,大白菜,2025-05-05,0.42999999999999999
大白菜,大白菜,2025-05-06,0.42999999999999999
大白菜,大白菜,2025-05-07,0.40000000000000002
大白菜,大白菜,2025-05-08,0.34999999999999998
大白菜,大白菜,2025-05-09,0.34999999999999998
大白菜,大白菜,2025-05-10,0.34999999999999998
大白菜,大白菜,2025-05-11,0.34999999999999998
大白菜,大白菜,2025-05-12,0.34999999999999998
大白菜,大白菜,2025-05-13,0.34999999999999998
大白菜,大白菜,2025-05-14,0.33000000000000002
大白菜,大白菜,2025-05-15,0.33000000000000002
大白菜,大白菜,2025-05-16,0.33000000000000002
大白菜,大白菜,2025-05-17,0.33000000000000002
大白菜,大白菜,2025-05-18,0.33000000000000002
大白菜,大白菜,2025-05-19,0.29999999999999999
大白菜,大白菜,2025-05-20,0.29999999999999999
大白菜,大白菜,2025-05-21,0.29999999999999999
大白菜,大白菜,2025-05-22,0.29999999999999999
大白菜,大白菜,2025-05-23,0.33000000000000002
大白菜,大白菜,2025-05-24,0.33000000000000002
大白菜,大白菜,2025-05-25,0.42999999999999999
大白菜,大白菜,2025-05-26,0.45000000000000001
大白菜,大白菜,2025-05-27,0.5
大白菜,大白菜,2025-05-28,0.55000000000000004
大白菜,大白菜,2025-05-29,0.65000000000000002
大白菜,大白菜,2025-05-30,0.5
大白菜,大白菜,2025-05-31,0.40000000000000002
大白菜,大白菜,2025-06-01,0.40000000000000002
大白菜,大白菜,2025-06-02,0.40000000000000002
大白菜,大白菜,2025-06-03,0.40000000000000002
大白菜,大白菜,2025-06-04,0.45000000000000001
大白菜,大白菜,2025-06-05,0.45000000000000001
大白菜,大白菜,2025-06-06,0.45000000000000001
大白菜,大白菜,2025-06-07,0.45000000000000001
大白菜,大白菜,2025-06-08,0.45000000000000001
大白菜,大白菜,2025-06-09,0.47999999999999998
大白菜,大白菜,2025-06-10,0.47999999999999998
大白菜,大白菜,2025-06-11,0.47999999999999998
大白菜,大白菜,2025-06-12,0.47999999999999998
大白菜,大白菜,2025-06-13,0.45000000000000001
大白菜,大白菜,2025-06-14,0.45000000000000001
大白菜,大白菜,2025-06-15,0.55000000000000004
大白菜,大白菜,2025-06-16,0.75
大白菜,大白菜,2025-06-17,0.55000000000000004
大白菜,大白菜,2025-06-18,0.55000000000000004
大白菜,大白菜,2025-06-19,0.42999999999999999
大白菜,大白菜,2025-06-20,0.42999999999999999
大白菜,大白菜,2025-06-21,0.42999999999999999
大白菜,大白菜,2025-06-22,0.45000000000000001
大白菜,大白菜,2025-06-23,0.47999999999999998
大白菜,大白菜,2025-06-24,0.47999999999999998
大白菜,大白菜,2025-06-25,0.47999999999999998
大白菜,大白菜,2025-06-26,0.47999999999999998
大白菜,大白菜,2025-06-27,0.5
大白菜,大白菜,2025-06-28,0.5
大白菜,大白菜,2025-06-29,0.47999999999999998
大白菜,大白菜,2025-06-30,0.47999999999999998
大白菜,大白菜,2025-07-01,0.47999999999999998
大白菜,大白菜,2025-07-02,0.47999999999999998
大白菜,大白菜,2025-07-03,0.47999999999999998
大白菜,大白菜,2025-07-04,0.5
大白菜,大白菜,2025-07-05,0.47999999999999998
大白菜,大白菜,2025-07-06,0.47999999999999998
大白菜,大白菜,2025-07-07,0.47999999999999998
大白菜,大白菜,2025-07-08,0.47999999999999998
大白菜,大白菜,2025-07-09,0.47999999999999998
大白菜,大白菜,2025-07-10,0.47999999999999998
大白菜,大白菜,2025-07-11,0.47999999999999998
大白菜,大白菜,2025-07-12,0.47999999999999998
大白菜,大白菜,2025-07-13,0.47999999999999998
大白菜,大白菜,2025-07-14,0.5
大白菜,大白菜,2025-07-15,0.47999999999999998
大白菜,大白菜,2025-07-16,0.47999999999999998
大白菜,大白菜,2025-07-17,0.47999999999999998
大白菜,大白菜,2025-07-18,0.47999999999999998
大白菜,大白菜,2025-07-19,0.47999999999999998
大白菜,大白菜,2025-07-20,0.47999999999999998
大白菜,大白菜,2025-07-21,0.45000000000000001
大白菜,大白菜,2025-07-22,0.47999999999999998
大白菜,大白菜,2025-07-23,0.47999999999999998
大白菜,大白菜,2025-07-24,0.45000000000000001
大白菜,大白菜,2025-07-25,0.45000000000000001
大白菜,大白菜,2025-07-26,0.55000000000000004
大白菜,大白菜,2025-07-27,0.84999999999999998
大白菜,大白菜,2025-07-28,0.63
大白菜,大白菜,2025-07-29,0.57999999999999996
大白菜,大白菜,2025-07-30,0.57999999999999996
大白菜,大白菜,2025-07-31,0.59999999999999998
大白菜,大白菜,2025-08-01,0.53000000000000003
大白菜,大白菜,2025-08-02,0.5
大白菜,大白菜,2025-08-03,0.45000000000000001
大白菜,大白菜,2025-08-04,0.47999999999999998
大白菜,大白菜,2025-08-05,0.55000000000000004
大白菜,大白菜,2025-08-06,0.69999999999999996
大白菜,大白菜,2025-08-07,0.57999999999999996
大白菜,大白菜,2025-08-08,0.57999999999999996
大白菜,大白菜,2025-08-09,0.57999999999999996
大白菜,大白菜,2025-08-10,0.57999999999999996
大白菜,大白菜,2025-08-11,0.55000000000000004
大白菜,大白菜,2025-08-12,0.75
大白菜,大白菜,2025-08-13,0.75
大白菜,大白菜,2025-08-14,0.65000000000000002
大白菜,大白菜,2025-08-15,0.65000000000000002
大白菜,大白菜,2025-08-16,0.59999999999999998
大白菜,大白菜,2025-08-17,0.59999999999999998
大白菜,大白菜,2025-08-18,0.59999999999999998
大白菜,大白菜,2025-08-19,0.59999999999999998
大白菜,大白菜,2025-08-20,0.59999999999999998
大白菜,大白菜,2025-08-21,0.59999999999999998
大白菜,大白菜,2025-08-22,0.59999999999999998
大白菜,大白菜,2025-08-23,0.59999999999999998
大白菜,大白菜,2025-08-24,0.59999999999999998
大白菜,大白菜,2025-08-25,0.59999999999999998
大白菜,大白菜,2025-08-26,0.57999999999999996
大白菜,大白菜,2025-08-27,0.57999999999999996
大白菜,大白菜,2025-08-28,0.90000000000000002
大白菜,大白菜,2025-08-29,0.84999999999999998
大白菜,大白菜,2025-08-30,0.69999999999999996
大白菜,大白菜,2025-08-31,0.65000000000000002
大白菜,大白菜,2025-09-01,0.63
大白菜,大白菜,2025-09-02,0.59999999999999998
大白菜,大白菜,2025-09-03,0.65000000000000002
大白菜,大白菜,2025-09-04,0.59999999999999998
大白菜,大白菜,2025-09-05,0.55000000000000004
大白菜,大白菜,2025-09-06,0.55000000000000004
大白菜,大白菜,2025-09-07,0.57999999999999996
大白菜,大白菜,2025-09-08,0.57999999999999996
大白菜,大白菜,2025-09-09,0.59999999999999998
大白菜,大白菜,2025-09-10,0.59999999999999998
大白菜,大白菜,2025-09-11,0.57999999999999996
大白菜,大白菜,2025-09-12,0.53000000000000003
大白菜,大白菜,2025-09-13,0.5
大白菜,大白菜,2025-09-14,0.55000000000000004
大白菜,大白菜,2025-09-15,0.55000000000000004
大白菜,大白菜,2025-09-16,0.55000000000000004
大白菜,大白菜,2025-09-17,0.65000000000000002
大白菜,大白菜,2025-09-18,0.65000000000000002
大白菜,大白菜,2025-09-19,0.55000000000000004
大白菜,大白菜,2025-09-20,0.55000000000000004
大白菜,大白菜,2025-09-21,0.55000000000000004
大白菜,大白菜,2025-09-22,0.55000000000000004
大白菜,大白菜,2025-09-23,0.55000000000000004
大白菜,大白菜,2025-09-24,0.55000000000000004
大白菜,大白菜,2025-09-25,0.55000000000000004
大白菜,大白菜,2025-09-26,0.55000000000000004
大白菜,大白菜,2025-09-27,0.55000000000000004
大白菜,大白菜,2025-09-28,0.55000000000000004
大白菜,大白菜,2025-09-29,0.55000000000000004
大白菜,大白菜,2025-09-30,0.55000000000000004
大白菜,大白菜,2025-10-01,0.55000000000000004
大白菜,大白菜,2025-10-02,0.5
大白菜,大白菜,2025-10-03,0.5
大白菜,大白菜,2025-10-04,0.5
大白菜,大白菜,2025-10-05,0.5
大白菜,大白菜,2025-10-06,0.5
大白菜,大白菜,2025-10-07,0.55000000000000004
大白菜,大白菜,2025-10-08,0.55000000000000004
大白菜,大白菜,2025-10-09,0.68000000000000005
大白菜,大白菜,2025-10-10,0.68000000000000005
大白菜,大白菜,2025-10-11,0.68000000000000005
大白菜,大白菜,2025-10-12,0.63
大白菜,大白菜,2025-10-13,0.59999999999999998
大白菜,大白菜,2025-10-14,0.5
大白菜,大白菜,2025-10-15,0.5
大白菜,大白菜,2025-10-16,0.55000000000000004
大白菜,大白菜,2025-10-17,0.53000000000000003
大白菜,大白菜,2025-10-18,0.5
大白菜,大白菜,2025-10-19,0.5
大白菜,大白菜,2025-10-20,0.5
大白菜,大白菜,2025-10-21,0.59999999999999998
大白菜,大白菜,2025-10-22,0.59999999999999998
大白菜,大白菜,2025-10-23,0.59999999999999998
大白菜,大白菜,2025-10-24,0.59999999999999998
大白菜,大白菜,2025-10-25,0.59999999999999998
大白菜,大白菜,2025-10-26,0.59999999999999998
大白菜,大白菜,2025-10-27,0.59999999999999998
大白菜,大白菜,2025-10-28,0.59999999999999998
大白菜,大白菜,2025-10-29,0.65000000000000002
大白菜,大白菜,2025-10-30,0.63
大白菜,大白菜,2025-10-31,0.65000000000000002
大白菜,大白菜,2025-11-01,0.59999999999999998
大白菜,大白菜,2025-11-02,0.57999999999999996
大白菜,大白菜,2025-11-03,0.63
大白菜,大白菜,2025-11-04,0.63
大白菜,大白菜,2025-11-05,0.63
大白菜,大白菜,2025-11-06,0.63
大白菜,大白菜,2025-11-07,0.63
大白菜,大白菜,2025-11-08,0.63
大白菜,大白菜,2025-11-09,0.63
大白菜,大白菜,2025-11-10,0.65000000000000002
大白菜,大白菜,2025-11-11,0.65000000000000002
大白菜,大白菜,2025-11-12,0.59999999999999998
大白菜,大白菜,2025-11-13,0.59999999999999998
大白菜,大白菜,2025-11-14,0.57999999999999996
大白菜,大白菜,2025-11-15,0.57999999999999996
大白菜,大白菜,2025-11-16,0.63
大白菜,大白菜,2025-11-17,0.63
大白菜,大白菜,2025-11-18,0.63
大白菜,大白菜,2025-11-19,0.63
大白菜,大白菜,2025-11-20,0.63
大白菜,大白菜,2025-11-21,0.65000000000000002
大白菜,大白菜,2025-11-22,0.68000000000000005
大白菜,大白菜,2025-11-23,0.68000000000000005
大白菜,大白菜,2025-11-24,0.69999999999999996
大白菜,大白菜,2025-11-25,0.82999999999999996
大白菜,大白菜,2025-11-26,0.90000000000000002
大白菜,大白菜,2025-11-27,0.97999999999999998
大白菜,大白菜,2025-11-28,0.90000000000000002
大白菜,大白菜,2025-11-29,0.90000000000000002
大白菜,大白菜,2025-11-30,1
大白菜,大白菜,2025-12-01,1
大白菜,大白菜,2025-12-02,1.05
大白菜,大白菜,2025-12-03,1.05
大白菜,大白菜,2025-12-04,1.1499999999999999
大白菜,大白菜,2025-12-05,1.25
大白菜,大白菜,2025-12-06,1.3500000000000001
大白菜,大白菜,2025-12-07,1.25
大白菜,大白菜,2025-12-08,1.1499999999999999
大白菜,大白菜,2025-12-09,1.1499999999999999
大白菜,大白菜,2025-12-10,1.05
大白菜,大白菜,2025-12-11,1.2
大白菜,大白菜,2025-12-12,1.2
大白菜,大白菜,2025-12-13,1.2
大白菜,大白菜,2025-12-14,1.2
大白菜,大白菜,2025-12-15,1.1499999999999999
大白菜,大白菜,2025-12-16,1.1499999999999999
大白菜,大白菜,2025-12-17,1.1000000000000001
大白菜,大白菜,2025-12-18,1.1499999999999999
大白菜,大白菜,2025-12-19,1.1499999999999999
大白菜,大白菜,2025-12-20,1.1499999999999999
大白菜,大白菜,2025-12-21,1
大白菜,大白菜,2025-12-22,1
大白菜,大白菜,2025-12-23,1
大白菜,大白菜,2025-12-24,1
大白菜,大白菜,2025-12-25,1.05
大白菜,大白菜,2025-12-26,1.05
大白菜,大白菜,2025-12-27,1
大白菜,大白菜,2025-12-28,0.97999999999999998
大白菜,大白菜,2025-12-29,1
大白菜,大白菜,2025-12-30,1
大白菜,大白菜,2025-12-31,1
大白菜,大白菜,2026-01-01,1.03
大白菜,大白菜,2026-01-02,1.03
大白菜,大白菜,2026-01-03,1
大白菜,大白菜,2026-01-04,1.03
大白菜,大白菜,2026-01-05,1.03
大白菜,大白菜,2026-01-06,1.05
大白菜,大白菜,2026-01-07,1.05
大白菜,大白菜,2026-01-08,1.05
大白菜,大白菜,2026-01-09,1.03
大白菜,大白菜,2026-01-10,1
大白菜,大白菜,2026-01-11,1
大白菜,大白菜,2026-01-12,1
大白菜,大白菜,2026-01-13,1
大白菜,大白菜,2026-01-14,0.94999999999999996
大白菜,大白菜,2026-01-15,0.97999999999999998
大白菜,大白菜,2026-01-16,1
大白菜,大白菜,2026-01-17,1.0800000000000001
大白菜,大白菜,2026-01-18,1.3500000000000001
大白菜,大白菜,2026-01-19,1.3
大白菜,大白菜,2026-01-20,1.3
大白菜,大白菜,2026-01-21,1.3
大白菜,大白菜,2026-01-22,1.3500000000000001
大白菜,大白菜,2026-01-23,1.3500000000000001
大白菜,大白菜,2026-01-24,1.3300000000000001
大白菜,大白菜,2026-01-25,1.25
大白菜,大白菜,2026-01-26,1.2
大白菜,大白菜,2026-01-27,1.2
大白菜,大白菜,2026-01-28,1.2
大白菜,大白菜,2026-01-29,1.2
大白菜,大白菜,2026-01-30,1.23
大白菜,大白菜,2026-01-31,1.2
大白菜,大白菜,2026-02-01,1.2
大白菜,大白菜,2026-02-02,1.3500000000000001
大白菜,大白菜,2026-02-03,1.3500000000000001
大白菜,大白菜,2026-02-04,1.3500000000000001
大白菜,大白菜,2026-02-05,1.3500000000000001
大白菜,大白菜,2026-02-06,1.3500000000000001
大白菜,大白菜,2026-02-07,1.3500000000000001
大白菜,大白菜,2026-02-08,1.3500000000000001
大白菜,大白菜,2026-02-09,1.3500000000000001
大白菜,大白菜,2026-02-10,1.3500000000000001
大白菜,大白菜,2026-02-11,1.3
大白菜,大白菜,2026-02-12,1.3
大白菜,大白菜,2026-02-13,1.3
大白菜,大白菜,2026-02-14,1.3500000000000001
大白菜,大白菜,2026-02-15,1.3500000000000001
大白菜,大白菜,2026-02-16,1.3500000000000001
大白菜,大白菜,2026-02-24,1.3500000000000001
大白菜,大白菜,2026-02-25,1.3
大白菜,大白菜,2026-02-26,1.3
大白菜,大白菜,2026-02-27,1.25
大白菜,大白菜,2026-02-28,1.2
大白菜,大白菜,2026-03-01,1.1499999999999999
大白菜,大白菜,2026-03-02,1.1499999999999999
大白菜,大白菜,2026-03-03,1.2
大白菜,大白菜,2026-03-04,1.1000000000000001
大白菜,大白菜,2026-03-05,1.05
大白菜,大白菜,2026-03-06,1
大白菜,大白菜,2026-03-07,0.97999999999999998
大白菜,大白菜,2026-03-08,0.97999999999999998
大白菜,大白菜,2026-03-09,1.1499999999999999
大白菜,大白菜,2026-03-10,1.1499999999999999
大白菜,大白菜,2026-03-11,1.1000000000000001
大白菜,大白菜,2026-03-12,1.0800000000000001
大白菜,大白菜,2026-03-13,1.0800000000000001
大白菜,大白菜,2026-03-14,1.0800000000000001
大白菜,大白菜,2026-03-15,1.0800000000000001
大白菜,大白菜,2026-03-16,1.0800000000000001
大白菜,大白菜,2026-03-17,1
大白菜,大白菜,2026-03-18,1
大白菜,大白菜,2026-03-19,1
大白菜,大白菜,2026-03-20,1
大白菜,大白菜,2026-03-21,1.05
大白菜,大白菜,2026-03-22,1.05
大白菜,大白菜,2026-03-23,1.05
大白菜,大白菜,2026-03-24,1.05
大白菜,大白菜,2026-03-25,1
大白菜,大白菜,2026-03-26,1
大白菜,大白菜,2026-03-27,0.90000000000000002
大白菜,大白菜,2026-03-28,0.90000000000000002
大白菜,大白菜,2026-03-29,0.90000000000000002
大白菜,大白菜,2026-03-30,0.75
大白菜,大白菜,2026-03-31,0.69999999999999996
大白菜,大白菜,2026-04-01,0.69999999999999996
大白菜,大白菜,2026-04-02,0.69999999999999996
大白菜,大白菜,2026-04-03,0.69999999999999996
大白菜,大白菜,2026-04-04,0.69999999999999996
大白菜,大白菜,2026-04-05,0.59999999999999998
大白菜,大白菜,2026-04-06,0.59999999999999998
大白菜,大白菜,2026-04-07,0.57999999999999996
大白菜,大白菜,2026-04-08,0.53000000000000003
大白菜,大白菜,2026-04-09,0.5
大白菜,大白菜,2026-04-10,0.5
大白菜,大白菜,2026-04-11,0.45000000000000001
大白菜,大白菜,2026-04-12,0.42999999999999999
大白菜,大白菜,2026-04-13,0.42999999999999999
大白菜,大白菜,2026-04-14,0.42999999999999999
大白菜,大白菜,2026-04-15,0.45000000000000001
大白菜,大白菜,2026-04-16,0.5
大白菜,大白菜,2026-04-17,0.5
大白菜,大白菜,2026-04-18,0.5
大白菜,大白菜,2026-04-19,0.45000000000000001
大白菜,大白菜,2026-04-20,0.40000000000000002
大白菜,大白菜,2026-04-21,0.40000000000000002
大白菜,大白菜,2026-04-22,0.40000000000000002
大白菜,大白菜,2026-04-23,0.40000000000000002
大白菜,大白菜,2026-04-24,0.40000000000000002
大白菜,大白菜,2026-04-25,0.40000000000000002
大白菜,大白菜,2026-04-26,0.42999999999999999
大白菜,大白菜,2026-04-27,0.42999999999999999
大白菜,大白菜,2026-04-28,0.42999999999999999
大白菜,大白菜,2026-04-29,0.42999999999999999
大白菜,大白菜,2026-04-30,0.42999999999999999
大白菜,大白菜,2026-05-01,0.45000000000000001
大白菜,大白菜,2026-05-02,0.40000000000000002
大白菜,大白菜,2026-05-03,0.40000000000000002
大白菜,大白菜,2026-05-04,0.38
大白菜,大白菜,2026-05-05,0.38
大白菜,大白菜,2026-05-06,0.38
大白菜,大白菜,2026-05-07,0.38
大白菜,大白菜,2026-05-08,0.34999999999999998
大白菜,大白菜,2026-05-09,0.34999999999999998
大白菜,大白菜,2026-05-10,0.34999999999999998
大白菜,大白菜,2026-05-11,0.34999999999999998
大白菜,大白菜,2026-05-12,0.34999999999999998
大白菜,大白菜,2026-05-13,0.34999999999999998
大白菜,大白菜,2026-05-14,0.29999999999999999
大白菜,大白菜,2026-05-15,0.29999999999999999
大白菜,大白菜,2026-05-16,0.29999999999999999
大白菜,大白菜,2026-05-17,0.29999999999999999
大白菜,大白菜,2026-05-18,0.47999999999999998
大白菜,大白菜,2026-05-19,0.34999999999999998
大白菜,大白菜,2026-05-20,0.34999999999999998
大白菜,大白菜,2026-05-21,0.34999999999999998
大白菜,大白菜,2026-05-22,0.34999999999999998
大白菜,大白菜,2026-05-23,0.29999999999999999
大白菜,大白菜,2026-05-24,0.29999999999999999
大白菜,大白菜,2026-05-25,0.33000000000000002
大白菜,大白菜,2026-05-26,0.33000000000000002
大白菜,大白菜,2026-05-27,0.34999999999999998
大白菜,大白菜,2026-05-28,0.42999999999999999
大白菜,大白菜,2026-05-29,0.34999999999999998
大白菜,大白菜,2026-05-30,0.34999999999999998
大白菜,大白菜,2026-05-31,0.34999999999999998
大白菜,大白菜,2026-06-01,0.34999999999999998
大白菜,大白菜,2026-06-02,0.34999999999999998
大白菜,大白菜,2026-06-03,0.34999999999999998
大白菜,大白菜,2026-06-04,0.34999999999999998
大白菜,大白菜,2026-06-05,0.55000000000000004
大白菜,大白菜,2026-06-06,0.5
大白菜,大白菜,2026-06-07,0.45000000000000001
大白菜,大白菜,2026-06-08,0.5
大白菜,大白菜,2026-06-09,0.5
大白菜,大白菜,2026-06-10,0.5
大白菜,大白菜,2026-06-11,0.45000000000000001
大白菜,大白菜,2026-06-12,0.45000000000000001
大白菜,大白菜,2026-06-13,0.45000000000000001
大白菜,大白菜,2026-06-14,0.45000000000000001
大白菜,大白菜,2026-06-15,0.53000000000000003
大白菜,大白菜,2026-06-16,0.5
大白菜,大白菜,2026-06-17,0.5
大白菜,大白菜,2026-06-18,0.40000000000000002
大白菜,大白菜,2026-06-19,0.40000000000000002
大白菜,大白菜,2026-06-20,0.40000000000000002
大白菜,大白菜,2026-06-21,0.45000000000000001
大白菜,大白菜,2026-06-22,0.45000000000000001
大白菜,大白菜,2026-06-23,0.42999999999999999
大白菜,大白菜,2026-06-24,0.42999999999999999
大白菜,大白菜,2026-06-25,0.42999999999999999
大白菜,大白菜,2026-06-26,0.42999999999999999
大白菜,大白菜,2026-06-27,0.42999999999999999
大白菜,大白菜,2026-06-28,0.40000000000000002
大白菜,大白菜,2026-06-29,0.5
大白菜,大白菜,2026-06-30,0.5
大白菜,大白菜,2026-07-01,0.45000000000000001
大白菜,大白菜,2026-07-02,0.45000000000000001
大白菜,大白菜,2026-07-03,0.40000000000000002
大白菜,大白菜,2026-07-04,0.40000000000000002
大白菜,大白菜,2026-07-05,0.40000000000000002
大白菜,大白菜,2026-07-06,0.40000000000000002
大白菜,大白菜,2026-07-07,0.40000000000000002
大白菜,大白菜,2026-07-08,0.40000000000000002
大白菜,大白菜,2026-07-09,0.38
大白菜,大白菜,2026-07-10,0.38
大白菜,大白菜,2026-07-11,0.5
大白菜,大白菜,2026-07-12,0.75
大白菜,大白菜,2026-07-13,0.53000000000000003
大白菜,大白菜,2026-07-14,0.45000000000000001
大白菜,大白菜,2026-07-15,0.5
大白菜,大白菜,2026-07-16,0.69999999999999996
大白菜,大白菜,2026-07-17,0.69999999999999996
大白菜,大白菜,2026-07-18,0.69999999999999996
大白菜,大白菜,2026-07-19,0.65000000000000002
大白菜,大白菜,2026-07-20,0.65000000000000002
大白菜,大白菜,2026-07-21,0.75
大白菜,大白菜,2026-07-22,0.75
大白菜,大白菜,2026-07-23,0.75
大白菜,大白菜,2026-07-24,0.69999999999999996
大白菜,大白菜,2026-07-25,0.69999999999999996
大白菜,大白菜,2026-07-26,0.69999999999999996
大白菜,大白菜,2026-07-27,0.69999999999999996
大白菜,大白菜,2026-07-28,0.65000000000000002
大白菜,大白菜,2026-07-29,0.65000000000000002
大白菜,大白菜,2026-07-30,0.69999999999999996
大白菜,大白菜,2026-07-31,0.69999999999999996
大白菜,大白菜,2026-08-01,0.69999999999999996
大白菜,大白菜,2026-08-02,0.65000000000000002
大白菜,大白菜,2026-08-03,0.55000000000000004
大白菜,大白菜,2026-08-04,0.55000000000000004
大白菜,大白菜,2026-08-05,0.55000000000000004
大白菜,大白菜,2026-08-06,0.55000000000000004
大白菜,大白菜,2026-08-07,0.55000000000000004
大白菜,大白菜,2026-08-08,0.55000000000000004
大白菜,大白菜,2026-08-09,0.53000000000000003
大白菜,大白菜,2026-08-10,0.53000000000000003
大白菜,大白菜,2026-08-11,0.75
大白菜,大白菜,2026-08-12,0.75
大白菜,大白菜,2026-08-13,0.65000000000000002
大白菜,大白菜,2026-08-14,0.65000000000000002
大白菜,大白菜,2026-08-15,0.65000000000000002
大白菜,大白菜,2026-08-16,0.5
大白菜,大白菜,2026-08-17,0.55000000000000004
大白菜,大白菜,2026-08-18,0.55000000000000004
大白菜,大白菜,2026-08-19,0.55000000000000004
大白菜,大白菜,2026-08-20,0.55000000000000004
大白菜,大白菜,2026-08-21,0.55000000000000004
大白菜,大白菜,2026-08-22,0.5
大白菜,大白菜,2026-08-23,0.55000000000000004
大白菜,大白菜,2026-08-24,0.45000000000000001
大白菜,大白菜,2026-08-25,0.45000000000000001
大白菜,大白菜,2026-08-26,0.55000000000000004
大白菜,大白菜,2026-08-27,0.65000000000000002
大白菜,大白菜,2026-08-28,0.65000000000000002
大白菜,大白菜,2026-08-29,0.55000000000000004
大白菜,大白菜,2026-08-30,0.5
大白菜,大白菜,2026-08-31,0.59999999999999998
大白菜,大白菜,2026-09-01,0.53000000000000003
大白菜,大白菜,2026-09-02,0.5
大白菜,大白菜,2026-09-03,0.5
大白菜,大白菜,2026-09-04,0.47999999999999998
大白菜,大白菜,2026-09-05,0.47999999999999998
大白菜,大白菜,2026-09-06,0.53000000000000003
大白菜,大白菜,2026-09-07,0.5
大白菜,大白菜,2026-09-08,0.53000000000000003
大白菜,大白菜,2026-09-09,0.53000000000000003
大白菜,大白菜,2026-09-10,0.53000000000000003
大白菜,大白菜,2026-09-11,0.53000000000000003
大白菜,大白菜,2026-09-12,0.53000000000000003
大白菜,大白菜,2026-09-13,0.5
大白菜,大白菜,2026-09-14,0.45000000000000001
大白菜,大白菜,2026-09-15,0.45000000000000001
大白菜,大白菜,2026-09-16,0.45000000000000001
大白菜,大白菜,2026-09-17,0.47999999999999998
大白菜,大白菜,2026-09-18,0.45000000000000001
大白菜,大白菜,2026-09-19,0.47999999999999998
大白菜,大白菜,2026-09-20,0.47999999999999998
大白菜,大白菜,2026-09-21,0.47999999999999998
大白菜,大白菜,2026-09-22,0.42999999999999999
大白菜,大白菜,2026-09-23,0.40000000000000002
大白菜,大白菜,2026-09-24,0.45000000000000001
大白菜,大白菜,2026-09-25,0.45000000000000001
大白菜,大白菜,2026-09-26,0.45000000000000001
大白菜,大白菜,2026-09-27,0.45000000000000001
猪肉,白条猪,2024-09-28,10.5
猪肉,白条猪,2024-09-29,10.5
猪肉,白条猪,2024-09-30,10.5
猪肉,白条猪,2024-10-01,10.449999999999999
猪肉,白条猪,2024-10-02,10
猪肉,白条猪,2024-10-03,10.625
猪肉,白条猪,2024-10-04,10.25
猪肉,白条猪,2024-10-05,10.25
猪肉,白条猪,2024-10-06,10.25
猪肉,白条猪,2024-10-07,10.375
猪肉,白条猪,2024-10-08,10.300000000000001
猪肉,白条猪,2024-10-09,10.449999999999999
猪肉,白条猪,2024-10-10,10.300000000000001
猪肉,白条猪,2024-10-11,10.5
猪肉,白条猪,2024-10-12,10.425000000000001
猪肉,白条猪,2024-10-13,10.25
猪肉,白条猪,2024-10-14,10.375
猪肉,白条猪,2024-10-15,10.449999999999999
猪肉,白条猪,2024-10-16,10.65
猪肉,白条猪,2024-10-17,10.5
猪肉,白条猪,2024-10-18,10.6
猪肉,白条猪,2024-10-19,10.625
猪肉,白条猪,2024-10-20,10.375
猪肉,白条猪,2024-10-21,10.5
猪肉,白条猪,2024-10-22,10.775
猪肉,白条猪,2024-10-23,10.449999999999999
猪肉,白条猪,2024-10-24,10.25
猪肉,白条猪,2024-10-25,10.574999999999999
猪肉,白条猪,2024-10-26,10.125
猪肉,白条猪,2024-10-27,10.324999999999999
猪肉,白条猪,2024-10-28,10.300000000000001
猪肉,白条猪,2024-10-29,10.375
猪肉,白条猪,2024-10-30,10.375
猪肉,白条猪,2024-10-31,10.324999999999999
猪肉,白条猪,2024-11-01,10.25
猪肉,白条猪,2024-11-02,10.199999999999999
猪肉,白条猪,2024-11-03,10.25
猪肉,白条猪,2024-11-04,10.199999999999999
猪肉,白条猪,2024-11-05,10.15
猪肉,白条猪,2024-11-06,10.15
猪肉,白条猪,2024-11-07,10.125
猪肉,白条猪,2024-11-08,9.75
猪肉,白条猪,2024-11-09,10.15
猪肉,白条猪,2024-11-10,10.125
猪肉,白条猪,2024-11-11,10.125
猪肉,白条猪,2024-11-12,10.125
猪肉,白条猪,2024-11-13,10.025
猪肉,白条猪,2024-11-14,10.125
猪肉,白条猪,2024-11-15,9.8249999999999993
猪肉,白条猪,2024-11-16,9.8249999999999993
猪肉,白条猪,2024-11-17,9.375
猪肉,白条猪,2024-11-18,9.625
猪肉,白条猪,2024-11-19,9.625
猪肉,白条猪,2024-11-20,9.5
猪肉,白条猪,2024-11-21,9.25
猪肉,白条猪,2024-11-22,9.25
猪肉,白条猪,2024-11-23,9.375
猪肉,白条猪,2024-11-24,9.625
猪肉,白条猪,2024-11-25,9.2750000000000004
猪肉,白条猪,2024-11-26,9.625
猪肉,白条猪,2024-11-27,9.625
猪肉,白条猪,2024-11-28,9.5
猪肉,白条猪,2024-11-29,9.5
猪肉,白条猪,2024-11-30,9.625
猪肉,白条猪,2024-12-01,9.9000000000000004
猪肉,白条猪,2024-12-02,9.5749999999999993
猪肉,白条猪,2024-12-03,9.4749999999999996
猪肉,白条猪,2024-12-04,9.4499999999999993
猪肉,白条猪,2024-12-05,9.6500000000000004
猪肉,白条猪,2024-12-06,9.4000000000000004
猪肉,白条猪,2024-12-07,9.375
猪肉,白条猪,2024-12-08,9.25
猪肉,白条猪,2024-12-09,9.25
猪肉,白条猪,2024-12-10,9.4499999999999993
猪肉,白条猪,2024-12-11,9.1999999999999993
猪肉,白条猪,2024-12-12,9.5
猪肉,白条猪,2024-12-13,9.25
猪肉,白条猪,2024-12-14,9.1999999999999993
猪肉,白条猪,2024-12-15,9.4499999999999993
猪肉,白条猪,2024-12-16,9.1999999999999993
猪肉,白条猪,2024-12-17,9.1999999999999993
猪肉,白条猪,2024-12-18,9.1999999999999993
猪肉,白条猪,2024-12-19,9.1999999999999993
猪肉,白条猪,2024-12-20,9.1500000000000004
猪肉,白条猪,2024-12-21,9.0749999999999993
猪肉,白条猪,2024-12-22,9.1999999999999993
猪肉,白条猪,2024-12-23,9.125
猪肉,白条猪,2024-12-24,9.1500000000000004
猪肉,白条猪,2024-12-25,9.1500000000000004
猪肉,白条猪,2024-12-26,9.1500000000000004
猪肉,白条猪,2024-12-27,9.1500000000000004
猪肉,白条猪,2024-12-28,9.1500000000000004
猪肉,白条猪,2024-12-29,9.0749999999999993
猪肉,白条猪,2024-12-30,9.1500000000000004
猪肉,白条猪,2024-12-31,9.1500000000000004
猪肉,白条猪,2025-01-01,9.1500000000000004
猪肉,白条猪,2025-01-02,9.1500000000000004
猪肉,白条猪,2025-01-03,9.1999999999999993
猪肉,白条猪,2025-01-04,9.1999999999999993
猪肉,白条猪,2025-01-05,9.3249999999999993
猪肉,白条猪,2025-01-06,9.9499999999999993
猪肉,白条猪,2025-01-07,10.050000000000001
猪肉,白条猪,2025-01-08,10
猪肉,白条猪,2025-01-09,10
猪肉,白条猪,2025-01-10,9.6999999999999993
猪肉,白条猪,2025-01-11,9.75
猪肉,白条猪,2025-01-12,9.6999999999999993
猪肉,白条猪,2025-01-13,9.6750000000000007
猪肉,白条猪,2025-01-14,9.5749999999999993
猪肉,白条猪,2025-01-15,9.5749999999999993
猪肉,白条猪,2025-01-16,9.5749999999999993
猪肉,白条猪,2025-01-17,9.5999999999999996
猪肉,白条猪,2025-01-18,9.5
猪肉,白条猪,2025-01-19,9.6500000000000004
猪肉,白条猪,2025-01-20,9.6999999999999993
猪肉,白条猪,2025-01-21,9.6750000000000007
猪肉,白条猪,2025-01-22,9.625
猪肉,白条猪,2025-01-23,9.625
猪肉,白条猪,2025-01-24,9.6750000000000007
猪肉,白条猪,2025-01-25,10.75
猪肉,白条猪,2025-01-26,10.625
猪肉,白条猪,2025-01-27,9.5
猪肉,白条猪,2025-02-05,11.25
猪肉,白条猪,2025-02-06,10.5
猪肉,白条猪,2025-02-07,9.875
猪肉,白条猪,2025-02-08,9.25
猪肉,白条猪,2025-02-09,9.25
猪肉,白条猪,2025-02-10,9
猪肉,白条猪,2025-02-11,9
猪肉,白条猪,2025-02-12,8.875
猪肉,白条猪,2025-02-13,8.75
猪肉,白条猪,2025-02-14,8.625
猪肉,白条猪,2025-02-15,8.625
猪肉,白条猪,2025-02-16,8.625
猪肉,白条猪,2025-02-17,8.875
猪肉,白条猪,2025-02-18,8.875
猪肉,白条猪,2025-02-19,8.625
猪肉,白条猪,2025-02-20,8.625
猪肉,白条猪,2025-02-21,8.875
猪肉,白条猪,2025-02-22,8.6750000000000007
猪肉,白条猪,2025-02-23,8.4499999999999993
猪肉,白条猪,2025-02-24,8.6999999999999993
猪肉,白条猪,2025-02-25,8.625
猪肉,白条猪,2025-02-26,8.7249999999999996
猪肉,白条猪,2025-02-27,8.5500000000000007
猪肉,白条猪,2025-02-28,8.625
猪肉,白条猪,2025-03-01,8.7249999999999996
猪肉,白条猪,2025-03-02,8.6999999999999993
猪肉,白条猪,2025-03-03,8.7750000000000004
猪肉,白条猪,2025-03-04,8.6500000000000004
猪肉,白条猪,2025-03-05,8.5500000000000007
猪肉,白条猪,2025-03-06,8.5749999999999993
猪肉,白条猪,2025-03-07,8.6750000000000007
猪肉,白条猪,2025-03-08,8.7750000000000004
猪肉,白条猪,2025-03-09,8.75
猪肉,白条猪,2025-03-10,8.6999999999999993
猪肉,白条猪,2025-03-11,8.5500000000000007
猪肉,白条猪,2025-03-12,8.625
猪肉,白条猪,2025-03-13,8.625
猪肉,白条猪,2025-03-14,8.75
猪肉,白条猪,2025-03-15,8.5
猪肉,白条猪,2025-03-16,8.8000000000000007
猪肉,白条猪,2025-03-17,8.6750000000000007
猪肉,白条猪,2025-03-18,8.75
猪肉,白条猪,2025-03-19,8.8000000000000007
猪肉,白条猪,2025-03-20,8.6999999999999993
猪肉,白条猪,2025-03-21,8.75
猪肉,白条猪,2025-03-22,8.75
猪肉,白条猪,2025-03-23,8.8249999999999993
猪肉,白条猪,2025-03-24,8.75
猪肉,白条猪,2025-03-25,8.5500000000000007
猪肉,白条猪,2025-03-26,8.5500000000000007
猪肉,白条猪,2025-03-27,8.7249999999999996
猪肉,白条猪,2025-03-28,8.75
猪肉,白条猪,2025-03-29,8.5749999999999993
猪肉,白条猪,2025-03-30,8.5
猪肉,白条猪,2025-03-31,9
猪肉,白条猪,2025-04-01,8.875
猪肉,白条猪,2025-04-02,8.5749999999999993
猪肉,白条猪,2025-04-03,8.6999999999999993
猪肉,白条猪,2025-04-04,8.4499999999999993
猪肉,白条猪,2025-04-05,8.5749999999999993
猪肉,白条猪,2025-04-06,8.5749999999999993
猪肉,白条猪,2025-04-07,8.8249999999999993
猪肉,白条猪,2025-04-08,8.625
猪肉,白条猪,2025-04-09,8.625
猪肉,白条猪,2025-04-10,8.625
猪肉,白条猪,2025-04-11,8.875
猪肉,白条猪,2025-04-12,8.625
猪肉,白条猪,2025-04-13,8.625
猪肉,白条猪,2025-04-14,8.875
猪肉,白条猪,2025-04-15,8.8249999999999993
猪肉,白条猪,2025-04-16,9.1999999999999993
猪肉,白条猪,2025-04-17,8.75
猪肉,白条猪,2025-04-18,8.75
猪肉,白条猪,2025-04-19,8.75
猪肉,白条猪,2025-04-20,8.6999999999999993
猪肉,白条猪,2025-04-21,8.5
猪肉,白条猪,2025-04-22,8.6999999999999993
猪肉,白条猪,2025-04-23,9.0749999999999993
猪肉,白条猪,2025-04-24,9.0999999999999996
猪肉,白条猪,2025-04-25,9.1999999999999993
猪肉,白条猪,2025-04-26,9.0500000000000007
猪肉,白条猪,2025-04-27,8.6999999999999993
猪肉,白条猪,2025-04-28,9.0250000000000004
猪肉,白条猪,2025-04-29,8.9749999999999996
猪肉,白条猪,2025-04-30,8.7750000000000004
猪肉,白条猪,2025-05-01,8.7249999999999996
猪肉,白条猪,2025-05-02,8.9000000000000004
猪肉,白条猪,2025-05-03,8.7249999999999996
猪肉,白条猪,2025-05-04,8.5500000000000007
猪肉,白条猪,2025-05-05,8.6750000000000007
猪肉,白条猪,2025-05-06,9.0999999999999996
猪肉,白条猪,2025-05-07,8.875
猪肉,白条猪,2025-05-08,8.8249999999999993
猪肉,白条猪,2025-05-09,8.8249999999999993
猪肉,白条猪,2025-05-10,8.8249999999999993
猪肉,白条猪,2025-05-11,8.8249999999999993
猪肉,白条猪,2025-05-12,8.7750000000000004
猪肉,白条猪,2025-05-13,8.9000000000000004
猪肉,白条猪,2025-05-14,8.9000000000000004
猪肉,白条猪,2025-05-15,8.9000000000000004
猪肉,白条猪,2025-05-16,8.9000000000000004
猪肉,白条猪,2025-05-17,8.8499999999999996
猪肉,白条猪,2025-05-18,8.9499999999999993
猪肉,白条猪,2025-05-19,8.8249999999999993
猪肉,白条猪,2025-05-20,8.8249999999999993
猪肉,白条猪,2025-05-21,8.9499999999999993
猪肉,白条猪,2025-05-22,8.75
猪肉,白条猪,2025-05-23,8.7750000000000004
猪肉,白条猪,2025-05-24,8.7249999999999996
猪肉,白条猪,2025-05-25,8.7249999999999996
猪肉,白条猪,2025-05-26,8.7750000000000004
猪肉,白条猪,2025-05-27,8.625
猪肉,白条猪,2025-05-28,8.6999999999999993
猪肉,白条猪,2025-05-29,8.625
猪肉,白条猪,2025-05-30,8.75
猪肉,白条猪,2025-05-31,8.7750000000000004
猪肉,白条猪,2025-06-01,8.875
猪肉,白条猪,2025-06-02,8.875
猪肉,白条猪,2025-06-03,8.9499999999999993
猪肉,白条猪,2025-06-04,8.625
猪肉,白条猪,2025-06-05,8.625
猪肉,白条猪,2025-06-06,8.4499999999999993
猪肉,白条猪,2025-06-07,8.625
猪肉,白条猪,2025-06-08,8.7750000000000004
猪肉,白条猪,2025-06-09,8.6999999999999993
猪肉,白条猪,2025-06-10,8.5999999999999996
猪肉,白条猪,2025-06-11,8.4000000000000004
猪肉,白条猪,2025-06-12,8.625
猪肉,白条猪,2025-06-13,8.625
猪肉,白条猪,2025-06-14,8.3249999999999993
猪肉,白条猪,2025-06-15,8.6999999999999993
猪肉,白条猪,2025-06-16,8.4499999999999993
猪肉,白条猪,2025-06-17,8.6999999999999993
猪肉,白条猪,2025-06-18,8.5500000000000007
猪肉,白条猪,2025-06-19,8.8249999999999993
猪肉,白条猪,2025-06-20,8.6999999999999993
猪肉,白条猪,2025-06-21,8.75
猪肉,白条猪,2025-06-22,8.6999999999999993
猪肉,白条猪,2025-06-23,8.6999999999999993
猪肉,白条猪,2025-06-24,8.8000000000000007
猪肉,白条猪,2025-06-25,8.75
猪肉,白条猪,2025-06-26,8.6750000000000007
猪肉,白条猪,2025-06-27,8.8000000000000007
猪肉,白条猪,2025-06-28,8.875
猪肉,白条猪,2025-06-29,8.9000000000000004
猪肉,白条猪,2025-06-30,9
猪肉,白条猪,2025-07-01,8.8000000000000007
猪肉,白条猪,2025-07-02,9.1500000000000004
猪肉,白条猪,2025-07-03,9.625
猪肉,白条猪,2025-07-04,9.3499999999999996
猪肉,白条猪,2025-07-05,9.375
猪肉,白条猪,2025-07-06,9.2100000000000009
猪肉,白条猪,2025-07-07,9.5
猪肉,白条猪,2025-07-08,9.3499999999999996
猪肉,白条猪,2025-07-09,9.2750000000000004
猪肉,白条猪,2025-07-10,8.875
猪肉,白条猪,2025-07-11,9.0749999999999993
猪肉,白条猪,2025-07-12,9.2750000000000004
猪肉,白条猪,2025-07-13,9.0749999999999993
猪肉,白条猪,2025-07-14,9.2750000000000004
猪肉,白条猪,2025-07-15,9.125
猪肉,白条猪,2025-07-16,9.0500000000000007
猪肉,白条猪,2025-07-17,9.3000000000000007
猪肉,白条猪,2025-07-18,9.125
猪肉,白条猪,2025-07-19,9.0999999999999996
猪肉,白条猪,2025-07-20,8.9499999999999993
猪肉,白条猪,2025-07-21,9.125
猪肉,白条猪,2025-07-22,9
猪肉,白条猪,2025-07-23,8.9499999999999993
猪肉,白条猪,2025-07-24,8.8000000000000007
猪肉,白条猪,2025-07-25,8.6999999999999993
猪肉,白条猪,2025-07-26,8.75
猪肉,白条猪,2025-07-27,8.75
猪肉,白条猪,2025-07-28,8.875
猪肉,白条猪,2025-07-29,8.8249999999999993
猪肉,白条猪,2025-07-30,8.9499999999999993
猪肉,白条猪,2025-07-31,8.875
猪肉,白条猪,2025-08-01,8.8249999999999993
猪肉,白条猪,2025-08-02,8.75
猪肉,白条猪,2025-08-03,8.5749999999999993
猪肉,白条猪,2025-08-04,8.875
猪肉,白条猪,2025-08-05,8.875
猪肉,白条猪,2025-08-06,8.6999999999999993
猪肉,白条猪,2025-08-07,8.8249999999999993
猪肉,白条猪,2025-08-08,8.5
猪肉,白条猪,2025-08-09,8.5250000000000004
猪肉,白条猪,2025-08-10,8.5749999999999993
猪肉,白条猪,2025-08-11,8.6999999999999993
猪肉,白条猪,2025-08-12,8.5250000000000004
猪肉,白条猪,2025-08-13,8.4000000000000004
猪肉,白条猪,2025-08-14,8.4000000000000004
猪肉,白条猪,2025-08-15,8.4000000000000004
猪肉,白条猪,2025-08-16,8.375
猪肉,白条猪,2025-08-17,8.4000000000000004
猪肉,白条猪,2025-08-18,8.4749999999999996
猪肉,白条猪,2025-08-19,8.25
猪肉,白条猪,2025-08-20,8.3000000000000007
猪肉,白条猪,2025-08-21,8.0500000000000007
猪肉,白条猪,2025-08-22,8.0500000000000007
猪肉,白条猪,2025-08-23,8.0250000000000004
猪肉,白条猪,2025-08-24,8.3249999999999993
猪肉,白条猪,2025-08-25,8.3249999999999993
猪肉,白条猪,2025-08-26,8.3249999999999993
猪肉,白条猪,2025-08-27,8.25
猪肉,白条猪,2025-08-28,8.1500000000000004
猪肉,白条猪,2025-08-29,8.1999999999999993
猪肉,白条猪,2025-08-30,8.1999999999999993
猪肉,白条猪,2025-08-31,8.3699999999999992
猪肉,白条猪,2025-09-01,8.5749999999999993
猪肉,白条猪,2025-09-02,8.4250000000000007
猪肉,白条猪,2025-09-03,8.3499999999999996
猪肉,白条猪,2025-09-04,8.3249999999999993
猪肉,白条猪,2025-09-05,8.4499999999999993
猪肉,白条猪,2025-09-06,8.4499999999999993
猪肉,白条猪,2025-09-07,8.5500000000000007
猪肉,白条猪,2025-09-08,8.5999999999999996
猪肉,白条猪,2025-09-09,8.4499999999999993
猪肉,白条猪,2025-09-10,8.4000000000000004
猪肉,白条猪,2025-09-11,8.2249999999999996
猪肉,白条猪,2025-09-12,8.3350000000000009
猪肉,白条猪,2025-09-13,8.3249999999999993
猪肉,白条猪,2025-09-14,8.2750000000000004
猪肉,白条猪,2025-09-15,8.3249999999999993
猪肉,白条猪,2025-09-16,8.1750000000000007
猪肉,白条猪,2025-09-17,8.0999999999999996
猪肉,白条猪,2025-09-18,8.125
猪肉,白条猪,2025-09-19,8.0999999999999996
猪肉,白条猪,2025-09-20,8.0999999999999996
猪肉,白条猪,2025-09-21,8.1500000000000004
猪肉,白条猪,2025-09-22,8.25
猪肉,白条猪,2025-09-23,8.125
猪肉,白条猪,2025-09-24,8.0999999999999996
猪肉,白条猪,2025-09-25,8.0250000000000004
猪肉,白条猪,2025-09-26,8.0500000000000007
猪肉,白条猪,2025-09-27,8.0749999999999993
猪肉,白条猪,2025-09-28,8.0250000000000004
猪肉,白条猪,2025-09-29,7.875
猪肉,白条猪,2025-09-30,7.625
猪肉,白条猪,2025-10-01,7.7000000000000002
猪肉,白条猪,2025-10-02,7.875
猪肉,白条猪,2025-10-03,7.875
猪肉,白条猪,2025-10-04,7.7000000000000002
猪肉,白条猪,2025-10-05,7.8250000000000002
猪肉,白条猪,2025-10-06,7.5750000000000002
猪肉,白条猪,2025-10-07,7.5
猪肉,白条猪,2025-10-08,7.4500000000000002
猪肉,白条猪,2025-10-09,7.25
猪肉,白条猪,2025-10-10,7.2000000000000002
猪肉,白条猪,2025-10-11,7.2750000000000004
猪肉,白条猪,2025-10-12,7.2000000000000002
猪肉,白条猪,2025-10-13,7.25
猪肉,白条猪,2025-10-14,7.25
猪肉,白条猪,2025-10-15,7.0750000000000002
猪肉,白条猪,2025-10-16,7
猪肉,白条猪,2025-10-17,6.9749999999999996
猪肉,白条猪,2025-10-18,7.0750000000000002
猪肉,白条猪,2025-10-19,7.0750000000000002
猪肉,白条猪,2025-10-20,7.0999999999999996
猪肉,白条猪,2025-10-21,7.0750000000000002
猪肉,白条猪,2025-10-22,7.0499999999999998
猪肉,白条猪,2025-10-23,7.4249999999999998
猪肉,白条猪,2025-10-24,7.4249999999999998
猪肉,白条猪,2025-10-25,7.375
猪肉,白条猪,2025-10-26,7.5250000000000004
猪肉,白条猪,2025-10-27,7.5999999999999996
猪肉,白条猪,2025-10-28,7.625
猪肉,白条猪,2025-10-29,7.7000000000000002
猪肉,白条猪,2025-10-30,7.8250000000000002
猪肉,白条猪,2025-10-31,7.7000000000000002
猪肉,白条猪,2025-11-01,7.8250000000000002
猪肉,白条猪,2025-11-02,7.7249999999999996
猪肉,白条猪,2025-11-03,7.7000000000000002
猪肉,白条猪,2025-11-04,7.875
猪肉,白条猪,2025-11-05,7.7750000000000004
猪肉,白条猪,2025-11-06,7.625
猪肉,白条猪,2025-11-07,7.625
猪肉,白条猪,2025-11-08,7.5
猪肉,白条猪,2025-11-09,7.4500000000000002
猪肉,白条猪,2025-11-10,7.4500000000000002
猪肉,白条猪,2025-11-11,7.5
猪肉,白条猪,2025-11-12,7.4000000000000004
猪肉,白条猪,2025-11-13,7.4000000000000004
猪肉,白条猪,2025-11-14,7.4000000000000004
猪肉,白条猪,2025-11-15,7.3499999999999996
猪肉,白条猪,2025-11-16,7.3499999999999996
猪肉,白条猪,2025-11-17,7.2999999999999998
猪肉,白条猪,2025-11-18,7.3250000000000002
猪肉,白条猪,2025-11-19,7.2750000000000004
猪肉,白条猪,2025-11-20,7.25
猪肉,白条猪,2025-11-21,7.2750000000000004
猪肉,白条猪,2025-11-22,7.2000000000000002
猪肉,白条猪,2025-11-23,7.25
猪肉,白条猪,2025-11-24,7.25
猪肉,白条猪,2025-11-25,7.25
猪肉,白条猪,2025-11-26,7.2000000000000002
猪肉,白条猪,2025-11-27,7.2000000000000002
猪肉,白条猪,2025-11-28,7.125
猪肉,白条猪,2025-11-29,7.25
猪肉,白条猪,2025-11-30,7.2000000000000002
猪肉,白条猪,2025-12-01,7.2000000000000002
猪肉,白条猪,2025-12-02,7.125
猪肉,白条猪,2025-12-03,7.1500000000000004
猪肉,白条猪,2025-12-04,7.2999999999999998
猪肉,白条猪,2025-12-05,7.25
猪肉,白条猪,2025-12-06,7.0750000000000002
猪肉,白条猪,2025-12-07,7.25
猪肉,白条猪,2025-12-08,7.25
猪肉,白条猪,2025-12-09,7.125
猪肉,白条猪,2025-12-10,7.0899999999999999
猪肉,白条猪,2025-12-11,7.0899999999999999
猪肉,白条猪,2025-12-12,7.125
猪肉,白条猪,2025-12-13,7.125
猪肉,白条猪,2025-12-14,7.125
猪肉,白条猪,2025-12-15,7.3250000000000002
猪肉,白条猪,2025-12-16,7.3250000000000002
猪肉,白条猪,2025-12-17,7.2750000000000004
猪肉,白条猪,2025-12-18,7.2000000000000002
猪肉,白条猪,2025-12-19,7.2850000000000001
猪肉,白条猪,2025-12-20,7.375
猪肉,白条猪,2025-12-21,7.375
猪肉,白条猪,2025-12-22,7.4249999999999998
猪肉,白条猪,2025-12-23,7.375
猪肉,白条猪,2025-12-24,7.25
猪肉,白条猪,2025-12-25,7.2000000000000002
猪肉,白条猪,2025-12-26,7.2000000000000002
猪肉,白条猪,2025-12-27,7.1500000000000004
猪肉,白条猪,2025-12-28,7.3250000000000002
猪肉,白条猪,2025-12-29,7.375
猪肉,白条猪,2025-12-30,7.5750000000000002
猪肉,白条猪,2025-12-31,7.5
猪肉,白条猪,2026-01-01,7.6500000000000004
猪肉,白条猪,2026-01-02,7.9249999999999998
猪肉,白条猪,2026-01-03,8.125
猪肉,白条猪,2026-01-04,8
猪肉,白条猪,2026-01-05,7.625
猪肉,白条猪,2026-01-06,7.6749999999999998
猪肉,白条猪,2026-01-07,7.75
猪肉,白条猪,2026-01-08,7.75
猪肉,白条猪,2026-01-09,7.7249999999999996
猪肉,白条猪,2026-01-10,7.6749999999999998
猪肉,白条猪,2026-01-11,7.7999999999999998
猪肉,白条猪,2026-01-12,8
猪肉,白条猪,2026-01-13,7.9749999999999996
猪肉,白条猪,2026-01-14,7.9000000000000004
猪肉,白条猪,2026-01-15,7.9000000000000004
猪肉,白条猪,2026-01-16,7.9000000000000004
猪肉,白条猪,2026-01-17,7.9500000000000002
猪肉,白条猪,2026-01-18,8.25
猪肉,白条猪,2026-01-19,8.375
猪肉,白条猪,2026-01-20,8.25
猪肉,白条猪,2026-01-21,8.1999999999999993
猪肉,白条猪,2026-01-22,8.0749999999999993
猪肉,白条猪,2026-01-23,8.1750000000000007
猪肉,白条猪,2026-01-24,8.3000000000000007
猪肉,白条猪,2026-01-25,8.5999999999999996
猪肉,白条猪,2026-01-26,8.4000000000000004
猪肉,白条猪,2026-01-27,8.4000000000000004
猪肉,白条猪,2026-01-28,8.3249999999999993
猪肉,白条猪,2026-01-29,8.2249999999999996
猪肉,白条猪,2026-01-30,8.0749999999999993
猪肉,白条猪,2026-01-31,8.0500000000000007
猪肉,白条猪,2026-02-01,8
猪肉,白条猪,2026-02-02,7.9500000000000002
猪肉,白条猪,2026-02-03,7.8499999999999996
猪肉,白条猪,2026-02-04,7.8499999999999996
猪肉,白条猪,2026-02-05,7.7750000000000004
猪肉,白条猪,2026-02-06,7.8250000000000002
猪肉,白条猪,2026-02-07,7.6500000000000004
猪肉,白条猪,2026-02-08,7.7750000000000004
猪肉,白条猪,2026-02-09,7.5750000000000002
猪肉,白条猪,2026-02-10,7.9500000000000002
猪肉,白条猪,2026-02-11,7.5499999999999998
猪肉,白条猪,2026-02-12,7.7000000000000002
猪肉,白条猪,2026-02-13,7.75
猪肉,白条猪,2026-02-14,7.9749999999999996
猪肉,白条猪,2026-02-24,7.75
猪肉,白条猪,2026-02-25,7.3499999999999996
猪肉,白条猪,2026-02-26,7.125
猪肉,白条猪,2026-02-27,7.0750000000000002
猪肉,白条猪,2026-02-28,6.9500000000000002
猪肉,白条猪,2026-03-01,6.8250000000000002
猪肉,白条猪,2026-03-02,6.875
猪肉,白条猪,2026-03-03,6.9749999999999996
猪肉,白条猪,2026-03-04,6.9749999999999996
猪肉,白条猪,2026-03-05,6.8250000000000002
猪肉,白条猪,2026-03-06,6.7750000000000004
猪肉,白条猪,2026-03-07,6.4249999999999998
猪肉,白条猪,2026-03-08,6.4000000000000004
猪肉,白条猪,2026-03-09,6.5999999999999996
猪肉,白条猪,2026-03-10,6.4000000000000004
猪肉,白条猪,2026-03-11,6.5250000000000004
猪肉,白条猪,2026-03-12,6.4500000000000002
猪肉,白条猪,2026-03-13,6.4500000000000002
猪肉,白条猪,2026-03-14,6.375
猪肉,白条猪,2026-03-15,6.375
猪肉,白条猪,2026-03-16,6.4000000000000004
猪肉,白条猪,2026-03-17,6.3250000000000002
猪肉,白条猪,2026-03-18,6.3250000000000002
猪肉,白条猪,2026-03-19,6.3250000000000002
猪肉,白条猪,2026-03-20,6.3250000000000002
猪肉,白条猪,2026-03-21,6.2750000000000004
猪肉,白条猪,2026-03-22,6.3250000000000002
猪肉,白条猪,2026-03-23,6.3250000000000002
猪肉,白条猪,2026-03-24,6.2750000000000004
猪肉,白条猪,2026-03-25,6.2750000000000004
猪肉,白条猪,2026-03-26,6.1500000000000004
猪肉,白条猪,2026-03-27,6.0499999999999998
猪肉,白条猪,2026-03-28,6
猪肉,白条猪,2026-03-29,5.9000000000000004
猪肉,白条猪,2026-03-30,5.9249999999999998
猪肉,白条猪,2026-03-31,6.0250000000000004
猪肉,白条猪,2026-04-01,6
猪肉,白条猪,2026-04-02,5.9749999999999996
猪肉,白条猪,2026-04-03,6.0250000000000004
猪肉,白条猪,2026-04-04,5.9749999999999996
猪肉,白条猪,2026-04-05,5.9500000000000002
猪肉,白条猪,2026-04-06,6
猪肉,白条猪,2026-04-07,6.0250000000000004
猪肉,白条猪,2026-04-08,5.9749999999999996
猪肉,白条猪,2026-04-09,5.9000000000000004
猪肉,白条猪,2026-04-10,5.8250000000000002
猪肉,白条猪,2026-04-11,5.8250000000000002
猪肉,白条猪,2026-04-12,5.8250000000000002
猪肉,白条猪,2026-04-13,5.8250000000000002
猪肉,白条猪,2026-04-14,5.8250000000000002
猪肉,白条猪,2026-04-15,5.8250000000000002
猪肉,白条猪,2026-04-16,5.8250000000000002
猪肉,白条猪,2026-04-17,5.7750000000000004
猪肉,白条猪,2026-04-18,5.9000000000000004
猪肉,白条猪,2026-04-19,6.0999999999999996
猪肉,白条猪,2026-04-20,6.0499999999999998
猪肉,白条猪,2026-04-21,6.375
猪肉,白条猪,2026-04-22,6.375
猪肉,白条猪,2026-04-23,6.4500000000000002
猪肉,白条猪,2026-04-24,6.375
猪肉,白条猪,2026-04-25,6.625
猪肉,白条猪,2026-04-26,6.5750000000000002
猪肉,白条猪,2026-04-27,6.5750000000000002
猪肉,白条猪,2026-04-28,6.4000000000000004
猪肉,白条猪,2026-04-29,6.5
猪肉,白条猪,2026-04-30,6.4500000000000002
猪肉,白条猪,2026-05-01,6.4500000000000002
猪肉,白条猪,2026-05-02,6.4249999999999998
猪肉,白条猪,2026-05-03,6.375
猪肉,白条猪,2026-05-04,6.3250000000000002
猪肉,白条猪,2026-05-05,6.5250000000000004
猪肉,白条猪,2026-05-06,6.5750000000000002
猪肉,白条猪,2026-05-07,6.375
猪肉,白条猪,2026-05-08,6.2750000000000004
猪肉,白条猪,2026-05-09,6.2000000000000002
猪肉,白条猪,2026-05-10,6.2000000000000002
猪肉,白条猪,2026-05-11,6.25
猪肉,白条猪,2026-05-12,6.25
猪肉,白条猪,2026-05-13,6.0999999999999996
猪肉,白条猪,2026-05-14,6.125
猪肉,白条猪,2026-05-15,6.0750000000000002
猪肉,白条猪,2026-05-16,6.1749999999999998
猪肉,白条猪,2026-05-17,6.1500000000000004
猪肉,白条猪,2026-05-18,6.25
猪肉,白条猪,2026-05-19,6.25
猪肉,白条猪,2026-05-20,6.2999999999999998
猪肉,白条猪,2026-05-21,6.4500000000000002
猪肉,白条猪,2026-05-22,6.3250000000000002
猪肉,白条猪,2026-05-23,6.2750000000000004
猪肉,白条猪,2026-05-24,6.2000000000000002
猪肉,白条猪,2026-05-25,6.3250000000000002
猪肉,白条猪,2026-05-26,6.2999999999999998
猪肉,白条猪,2026-05-27,6.2750000000000004
猪肉,白条猪,2026-05-28,6.25
猪肉,白条猪,2026-05-29,6.3250000000000002
猪肉,白条猪,2026-05-30,6.25
猪肉,白条猪,2026-05-31,6.2000000000000002
猪肉,白条猪,2026-06-01,6.2000000000000002
猪肉,白条猪,2026-06-02,6.1500000000000004
猪肉,白条猪,2026-06-03,6.125
猪肉,白条猪,2026-06-04,6
猪肉,白条猪,2026-06-05,6.25
猪肉,白条猪,2026-06-06,6.1500000000000004
猪肉,白条猪,2026-06-07,6.25
猪肉,白条猪,2026-06-08,6.25
猪肉,白条猪,2026-06-09,6.375
猪肉,白条猪,2026-06-10,6.375
猪肉,白条猪,2026-06-11,6.25
猪肉,白条猪,2026-06-12,6.25
猪肉,白条猪,2026-06-13,6.25
猪肉,白条猪,2026-06-14,6.25
猪肉,白条猪,2026-06-15,6.25
猪肉,白条猪,2026-06-16,6.25
猪肉,白条猪,2026-06-17,6.1500000000000004
猪肉,白条猪,2026-06-18,6.2000000000000002
猪肉,白条猪,2026-06-19,6.1500000000000004
猪肉,白条猪,2026-06-20,6.125
猪肉,白条猪,2026-06-21,6.2000000000000002
猪肉,白条猪,2026-06-22,6.25
猪肉,白条猪,2026-06-23,6.25
猪肉,白条猪,2026-06-24,6.0499999999999998
猪肉,白条猪,2026-06-25,5.875
猪肉,白条猪,2026-06-26,5.9500000000000002
猪肉,白条猪,2026-06-27,6
猪肉,白条猪,2026-06-28,5.9500000000000002
猪肉,白条猪,2026-06-29,5.9500000000000002
猪肉,白条猪,2026-06-30,6
猪肉,白条猪,2026-07-01,6.25
猪肉,白条猪,2026-07-02,6.2000000000000002
猪肉,白条猪,2026-07-03,6.4000000000000004
猪肉,白条猪,2026-07-04,6.3499999999999996
猪肉,白条猪,2026-07-05,6.5750000000000002
猪肉,白条猪,2026-07-06,6.9500000000000002
猪肉,白条猪,2026-07-07,7.125
猪肉,白条猪,2026-07-08,7.2750000000000004
猪肉,白条猪,2026-07-09,6.9749999999999996
猪肉,白条猪,2026-07-10,6.7999999999999998
猪肉,白条猪,2026-07-11,7
猪肉,白条猪,2026-07-12,7.2000000000000002
猪肉,白条猪,2026-07-13,7.2750000000000004
猪肉,白条猪,2026-07-14,7.2750000000000004
猪肉,白条猪,2026-07-15,7.2249999999999996
猪肉,白条猪,2026-07-16,7.2999999999999998
猪肉,白条猪,2026-07-17,7.1749999999999998
猪肉,白条猪,2026-07-18,7.1749999999999998
猪肉,白条猪,2026-07-19,7.0250000000000004
猪肉,白条猪,2026-07-20,7
猪肉,白条猪,2026-07-21,6.875
猪肉,白条猪,2026-07-22,6.9500000000000002
猪肉,白条猪,2026-07-23,6.875
猪肉,白条猪,2026-07-24,6.5750000000000002
猪肉,白条猪,2026-07-25,6.5750000000000002
猪肉,白条猪,2026-07-26,6.75
猪肉,白条猪,2026-07-27,6.7000000000000002
猪肉,白条猪,2026-07-28,6.6500000000000004
猪肉,白条猪,2026-07-29,6.625
猪肉,白条猪,2026-07-30,6.5
猪肉,白条猪,2026-07-31,6.25
猪肉,白条猪,2026-08-01,6.2000000000000002
猪肉,白条猪,2026-08-02,6.3499999999999996
猪肉,白条猪,2026-08-03,6.25
猪肉,白条猪,2026-08-04,6.2750000000000004
猪肉,白条猪,2026-08-05,6.2999999999999998
猪肉,白条猪,2026-08-06,6.3499999999999996
猪肉,白条猪,2026-08-07,6.4500000000000002
猪肉,白条猪,2026-08-08,6.4500000000000002
猪肉,白条猪,2026-08-09,6.4749999999999996
猪肉,白条猪,2026-08-10,6.5999999999999996
猪肉,白条猪,2026-08-11,6.7000000000000002
猪肉,白条猪,2026-08-12,6.6749999999999998
猪肉,白条猪,2026-08-13,6.6500000000000004
猪肉,白条猪,2026-08-14,6.8250000000000002
猪肉,白条猪,2026-08-15,6.75
猪肉,白条猪,2026-08-16,6.7000000000000002
猪肉,白条猪,2026-08-17,6.9000000000000004
猪肉,白条猪,2026-08-18,6.7000000000000002
猪肉,白条猪,2026-08-19,6.875
猪肉,白条猪,2026-08-20,7.0250000000000004
猪肉,白条猪,2026-08-21,6.9500000000000002
猪肉,白条猪,2026-08-22,6.7750000000000004
猪肉,白条猪,2026-08-23,6.7999999999999998
猪肉,白条猪,2026-08-24,6.9249999999999998
猪肉,白条猪,2026-08-25,6.9249999999999998
猪肉,白条猪,2026-08-26,6.9000000000000004
猪肉,白条猪,2026-08-27,6.9000000000000004
猪肉,白条猪,2026-08-28,6.9000000000000004
猪肉,白条猪,2026-08-29,6.8250000000000002
猪肉,白条猪,2026-08-30,6.875
猪肉,白条猪,2026-08-31,6.9500000000000002
猪肉,白条猪,2026-09-01,7.0750000000000002
猪肉,白条猪,2026-09-02,7.125
猪肉,白条猪,2026-09-03,7.1500000000000004
猪肉,白条猪,2026-09-04,7.0250000000000004
猪肉,白条猪,2026-09-05,7.0750000000000002
猪肉,白条猪,2026-09-06,7.0999999999999996
猪肉,白条猪,2026-09-07,7.1500000000000004
猪肉,白条猪,2026-09-08,7
猪肉,白条猪,2026-09-09,6.9500000000000002
猪肉,白条猪,2026-09-10,6.9500000000000002
猪肉,白条猪,2026-09-11,6.9000000000000004
猪肉,白条猪,2026-09-12,6.9000000000000004
猪肉,白条猪,2026-09-13,6.9000000000000004
猪肉,白条猪,2026-09-14,7
猪肉,白条猪,2026-09-15,7
猪肉,白条猪,2026-09-16,6.9500000000000002
猪肉,白条猪,2026-09-17,7.0750000000000002
猪肉,白条猪,2026-09-18,6.8499999999999996
猪肉,白条猪,2026-09-19,6.9000000000000004
猪肉,白条猪,2026-09-20,6.9000000000000004
猪肉,白条猪,2026-09-21,6.9000000000000004
猪肉,白条猪,2026-09-22,6.7750000000000004
猪肉,白条猪,2026-09-23,6.875
猪肉,白条猪,2026-09-24,6.7750000000000004
猪肉,白条猪,2026-09-25,6.9000000000000004
猪肉,白条猪,2026-09-26,6.8250000000000002
猪肉,白条猪,2026-09-27,6.9000000000000004
西红柿,番茄,2024-09-28,4.6333333000000003
西红柿,番茄,2024-09-29,4.4333333000000001
西红柿,番茄,2024-09-30,4.5
西红柿,番茄,2024-10-01,4.5499999999999998
西红柿,番茄,2024-10-02,4.8166666999999999
西红柿,番茄,2024-10-03,4.8166666999999999
西红柿,番茄,2024-10-04,4.8166666999999999
西红柿,番茄,2024-10-05,4.8166666999999999
西红柿,番茄,2024-10-06,4.8166666999999999
西红柿,番茄,2024-10-07,4.7666667
西红柿,番茄,2024-10-08,4.7666667
西红柿,番茄,2024-10-09,4.7666667
西红柿,番茄,2024-10-10,4.7666667
西红柿,番茄,2024-10-11,4.5
西红柿,番茄,2024-10-12,4.25
西红柿,番茄,2024-10-13,4.0666666999999999
西红柿,番茄,2024-10-14,4.0333332999999998
西红柿,番茄,2024-10-15,3.9166666999999999
西红柿,番茄,2024-10-16,3.8999999999999999
西红柿,番茄,2024-10-17,3.8500000000000001
西红柿,番茄,2024-10-18,3.75
西红柿,番茄,2024-10-19,3.7333333
西红柿,番茄,2024-10-20,3.7333333
西红柿,番茄,2024-10-21,3.7333333
西红柿,番茄,2024-10-22,3.7333333
西红柿,番茄,2024-10-23,3.75
西红柿,番茄,2024-10-24,3.9333333000000001
西红柿,番茄,2024-10-25,4.1500000000000004
西红柿,番茄,2024-10-26,4.1833333000000001
西红柿,番茄,2024-10-27,4.1833333000000001
西红柿,番茄,2024-10-28,4.1833333000000001
西红柿,番茄,2024-10-29,4.1333333000000003
西红柿,番茄,2024-10-30,4.0333332999999998
西红柿,番茄,2024-10-31,3.9666667000000002
西红柿,番茄,2024-11-01,3.8999999999999999
西红柿,番茄,2024-11-02,3.7999999999999998
西红柿,番茄,2024-11-03,3.7999999999999998
西红柿,番茄,2024-11-04,3.7999999999999998
西红柿,番茄,2024-11-05,3.6666666999999999
西红柿,番茄,2024-11-06,3.6666666999999999
西红柿,番茄,2024-11-07,3.5666666999999999
西红柿,番茄,2024-11-08,3.3500000000000001
西红柿,番茄,2024-11-09,3.3500000000000001
西红柿,番茄,2024-11-10,3.2666667
西红柿,番茄,2024-11-11,3.1000000000000001
西红柿,番茄,2024-11-12,3.0333332999999998
西红柿,番茄,2024-11-13,3.0333332999999998
西红柿,番茄,2024-11-14,3.0333332999999998
西红柿,番茄,2024-11-15,3.0333332999999998
西红柿,番茄,2024-11-16,3.0333332999999998
西红柿,番茄,2024-11-17,3.0333332999999998
西红柿,番茄,2024-11-18,2.8833332999999999
西红柿,番茄,2024-11-19,2.8833332999999999
西红柿,番茄,2024-11-20,2.8500000000000001
西红柿,番茄,2024-11-21,2.4833333
西红柿,番茄,2024-11-22,2.4500000000000002
西红柿,番茄,2024-11-23,2.4500000000000002
西红柿,番茄,2024-11-24,2.4500000000000002
西红柿,番茄,2024-11-25,2.4500000000000002
西红柿,番茄,2024-11-26,2.4833333
西红柿,番茄,2024-11-27,2.4833333
西红柿,番茄,2024-11-28,2.4833333
西红柿,番茄,2024-11-29,2.4833333
西红柿,番茄,2024-11-30,2.4500000000000002
西红柿,番茄,2024-12-01,2.4500000000000002
西红柿,番茄,2024-12-02,2.3999999999999999
西红柿,番茄,2024-12-03,2.3999999999999999
西红柿,番茄,2024-12-04,2.3999999999999999
西红柿,番茄,2024-12-05,2.3666667000000001
西红柿,番茄,2024-12-06,2.3333333000000001
西红柿,番茄,2024-12-07,2.3333333000000001
西红柿,番茄,2024-12-08,2.3333333000000001
西红柿,番茄,2024-12-09,2.3333333000000001
西红柿,番茄,2024-12-10,2.3333333000000001
西红柿,番茄,2024-12-11,2.1333332999999999
西红柿,番茄,2024-12-12,2.1333332999999999
西红柿,番茄,2024-12-13,2.2333333
西红柿,番茄,2024-12-14,2.0499999999999998
西红柿,番茄,2024-12-15,2.0333332999999998
西红柿,番茄,2024-12-16,2.0333332999999998
西红柿,番茄,2024-12-17,2.0333332999999998
西红柿,番茄,2024-12-18,2.0333332999999998
西红柿,番茄,2024-12-19,2.0333332999999998
西红柿,番茄,2024-12-20,2.0333332999999998
西红柿,番茄,2024-12-21,2.0333332999999998
西红柿,番茄,2024-12-22,2.0333332999999998
西红柿,番茄,2024-12-23,2.0333332999999998
西红柿,番茄,2024-12-24,2
西红柿,番茄,2024-12-25,1.9833333
西红柿,番茄,2024-12-26,1.9666667
西红柿,番茄,2024-12-27,1.8833333000000001
西红柿,番茄,2024-12-28,1.8833333000000001
西红柿,番茄,2024-12-29,1.8833333000000001
西红柿,番茄,2024-12-30,1.9166666999999999
西红柿,番茄,2024-12-31,1.9166666999999999
西红柿,番茄,2025-01-01,1.8500000000000001
西红柿,番茄,2025-01-02,1.8500000000000001
西红柿,番茄,2025-01-03,1.8500000000000001
西红柿,番茄,2025-01-04,1.8500000000000001
西红柿,番茄,2025-01-05,1.8500000000000001
西红柿,番茄,2025-01-06,1.8500000000000001
西红柿,番茄,2025-01-07,1.8500000000000001
西红柿,番茄,2025-01-08,1.8500000000000001
西红柿,番茄,2025-01-09,1.8500000000000001
西红柿,番茄,2025-01-10,1.8666666999999999
西红柿,番茄,2025-01-11,1.8666666999999999
西红柿,番茄,2025-01-12,1.8666666999999999
西红柿,番茄,2025-01-13,1.8666666999999999
西红柿,番茄,2025-01-14,1.8666666999999999
西红柿,番茄,2025-01-15,1.8666666999999999
西红柿,番茄,2025-01-16,1.9333332999999999
西红柿,番茄,2025-01-17,1.9333332999999999
西红柿,番茄,2025-01-18,1.9833333
西红柿,番茄,2025-01-19,2.0333332999999998
西红柿,番茄,2025-01-20,2.1333332999999999
西红柿,番茄,2025-01-21,2.1666666999999999
西红柿,番茄,2025-01-22,2.1666666999999999
西红柿,番茄,2025-01-23,2.1666666999999999
西红柿,番茄,2025-01-24,2.5166667
西红柿,番茄,2025-01-25,2.5166667
西红柿,番茄,2025-01-26,2.5166667
西红柿,番茄,2025-01-27,2.5166667
西红柿,番茄,2025-02-05,2.4500000000000002
西红柿,番茄,2025-02-06,2.6333332999999999
西红柿,番茄,2025-02-07,2.6333332999999999
西红柿,番茄,2025-02-08,2.7833332999999998
西红柿,番茄,2025-02-09,2.7833332999999998
西红柿,番茄,2025-02-10,2.7833332999999998
西红柿,番茄,2025-02-11,2.6833333000000001
西红柿,番茄,2025-02-12,2.4833333
西红柿,番茄,2025-02-13,2.4833333
西红柿,番茄,2025-02-14,2.3333333000000001
西红柿,番茄,2025-02-15,2.3166666999999999
西红柿,番茄,2025-02-16,2.2833332999999998
西红柿,番茄,2025-02-17,2.25
西红柿,番茄,2025-02-18,2.25
西红柿,番茄,2025-02-19,2.25
西红柿,番茄,2025-02-20,2.3166666999999999
西红柿,番茄,2025-02-21,2.3166666999999999
西红柿,番茄,2025-02-22,2.3166666999999999
西红柿,番茄,2025-02-23,2.3166666999999999
西红柿,番茄,2025-02-24,2.3166666999999999
西红柿,番茄,2025-02-25,2.3166666999999999
西红柿,番茄,2025-02-26,2.3166666999999999
西红柿,番茄,2025-02-27,2.3166666999999999
西红柿,番茄,2025-02-28,2.2666667
西红柿,番茄,2025-03-01,2.2666667
西红柿,番茄,2025-03-02,2.2333333
西红柿,番茄,2025-03-03,2.2333333
西红柿,番茄,2025-03-04,2.3500000000000001
西红柿,番茄,2025-03-05,2.4166666999999999
西红柿,番茄,2025-03-06,2.4166666999999999
西红柿,番茄,2025-03-07,2.4833333
西红柿,番茄,2025-03-08,2.5833333000000001
西红柿,番茄,2025-03-09,2.6666666999999999
西红柿,番茄,2025-03-10,2.5833333000000001
西红柿,番茄,2025-03-11,2.6333332999999999
西红柿,番茄,2025-03-12,2.6833333000000001
西红柿,番茄,2025-03-13,2.6833333000000001
西红柿,番茄,2025-03-14,2.6333332999999999
西红柿,番茄,2025-03-15,2.6000000000000001
西红柿,番茄,2025-03-16,2.5666666999999999
西红柿,番茄,2025-03-17,2.5666666999999999
西红柿,番茄,2025-03-18,2.5666666999999999
西红柿,番茄,2025-03-19,2.4833333
西红柿,番茄,2025-03-20,2.4333333000000001
西红柿,番茄,2025-03-21,2.4833333
西红柿,番茄,2025-03-22,2.5
西红柿,番茄,2025-03-23,2.5
西红柿,番茄,2025-03-24,2.5
西红柿,番茄,2025-03-25,2.5
西红柿,番茄,2025-03-26,2.5
西红柿,番茄,2025-03-27,2.4666667000000002
西红柿,番茄,2025-03-28,2.4333333000000001
西红柿,番茄,2025-03-29,2.4333333000000001
西红柿,番茄,2025-03-30,2.4333333000000001
西红柿,番茄,2025-03-31,2.3999999999999999
西红柿,番茄,2025-04-01,2.3999999999999999
西红柿,番茄,2025-04-02,2.3999999999999999
西红柿,番茄,2025-04-03,2.3999999999999999
西红柿,番茄,2025-04-04,2.3999999999999999
西红柿,番茄,2025-04-05,2.3833332999999999
西红柿,番茄,2025-04-06,2.3833332999999999
西红柿,番茄,2025-04-07,2.3833332999999999
西红柿,番茄,2025-04-08,2.3833332999999999
西红柿,番茄,2025-04-09,2.3833332999999999
西红柿,番茄,2025-04-10,2.3500000000000001
西红柿,番茄,2025-04-11,2.2833332999999998
西红柿,番茄,2025-04-12,2.2833332999999998
西红柿,番茄,2025-04-13,2.2833332999999998
西红柿,番茄,2025-04-14,2.3166666999999999
西红柿,番茄,2025-04-15,2.3166666999999999
西红柿,番茄,2025-04-16,2.3166666999999999
西红柿,番茄,2025-04-17,2.3166666999999999
西红柿,番茄,2025-04-18,2.3166666999999999
西红柿,番茄,2025-04-19,2.3333333000000001
西红柿,番茄,2025-04-20,2.3333333000000001
西红柿,番茄,2025-04-21,2.3333333000000001
西红柿,番茄,2025-04-22,2.3333333000000001
西红柿,番茄,2025-04-23,2.3333333000000001
西红柿,番茄,2025-04-24,2.3333333000000001
西红柿,番茄,2025-04-25,2.25
西红柿,番茄,2025-04-26,2.1666666999999999
西红柿,番茄,2025-04-27,2.0833333000000001
西红柿,番茄,2025-04-28,2.0333332999999998
西红柿,番茄,2025-04-29,1.9833333
西红柿,番茄,2025-04-30,1.9333332999999999
西红柿,番茄,2025-05-01,1.9333332999999999
西红柿,番茄,2025-05-02,1.9333332999999999
西红柿,番茄,2025-05-03,1.9333332999999999
西红柿,番茄,2025-05-04,1.9333332999999999
西红柿,番茄,2025-05-05,1.8
西红柿,番茄,2025-05-06,1.7666667
西红柿,番茄,2025-05-07,1.7666667
西红柿,番茄,2025-05-08,1.7666667
西红柿,番茄,2025-05-09,1.7666667
西红柿,番茄,2025-05-10,1.7666667
西红柿,番茄,2025-05-11,1.7333333
西红柿,番茄,2025-05-12,1.7333333
西红柿,番茄,2025-05-13,1.7333333
西红柿,番茄,2025-05-14,1.6833332999999999
西红柿,番茄,2025-05-15,1.6833332999999999
西红柿,番茄,2025-05-16,1.6833332999999999
西红柿,番茄,2025-05-17,1.6833332999999999
西红柿,番茄,2025-05-18,1.6833332999999999
西红柿,番茄,2025-05-19,1.7166667
西红柿,番茄,2025-05-20,1.8833333000000001
西红柿,番茄,2025-05-21,1.8833333000000001
西红柿,番茄,2025-05-22,1.8833333000000001
西红柿,番茄,2025-05-23,1.8833333000000001
西红柿,番茄,2025-05-24,1.8500000000000001
西红柿,番茄,2025-05-25,1.8833333000000001
西红柿,番茄,2025-05-26,1.8833333000000001
西红柿,番茄,2025-05-27,1.8500000000000001
西红柿,番茄,2025-05-28,1.8500000000000001
西红柿,番茄,2025-05-29,1.7666667
西红柿,番茄,2025-05-30,1.7666667
西红柿,番茄,2025-05-31,1.7666667
西红柿,番茄,2025-06-01,1.7666667
西红柿,番茄,2025-06-02,1.7666667
西红柿,番茄,2025-06-03,1.7333333
西红柿,番茄,2025-06-04,1.7333333
西红柿,番茄,2025-06-05,1.7333333
西红柿,番茄,2025-06-06,1.6166666999999999
西红柿,番茄,2025-06-07,1.6166666999999999
西红柿,番茄,2025-06-08,1.6166666999999999
西红柿,番茄,2025-06-09,1.6166666999999999
西红柿,番茄,2025-06-10,1.8500000000000001
西红柿,番茄,2025-06-11,1.8500000000000001
西红柿,番茄,2025-06-12,2.0166667
西红柿,番茄,2025-06-13,2.0166667
西红柿,番茄,2025-06-14,1.9833333
西红柿,番茄,2025-06-15,1.9833333
西红柿,番茄,2025-06-16,1.9833333
西红柿,番茄,2025-06-17,1.8833333000000001
西红柿,番茄,2025-06-18,1.8833333000000001
西红柿,番茄,2025-06-19,1.8833333000000001
西红柿,番茄,2025-06-20,1.7
西红柿,番茄,2025-06-21,1.7
西红柿,番茄,2025-06-22,1.7333333
西红柿,番茄,2025-06-23,1.7833333
西红柿,番茄,2025-06-24,1.7833333
西红柿,番茄,2025-06-25,1.7833333
西红柿,番茄,2025-06-26,1.7833333
西红柿,番茄,2025-06-27,1.8
西红柿,番茄,2025-06-28,1.8
西红柿,番茄,2025-06-29,1.8
西红柿,番茄,2025-06-30,1.8
西红柿,番茄,2025-07-01,1.75
西红柿,番茄,2025-07-02,1.75
西红柿,番茄,2025-07-03,1.7166667
西红柿,番茄,2025-07-04,1.8166667000000001
西红柿,番茄,2025-07-05,2.1833333000000001
西红柿,番茄,2025-07-06,2.5
西红柿,番茄,2025-07-07,2.7999999999999998
西红柿,番茄,2025-07-08,2.8666667000000001
西红柿,番茄,2025-07-09,2.8666667000000001
西红柿,番茄,2025-07-10,2.75
西红柿,番茄,2025-07-11,2.75
西红柿,番茄,2025-07-12,2.25
西红柿,番茄,2025-07-13,1.95
西红柿,番茄,2025-07-14,1.8833333000000001
西红柿,番茄,2025-07-15,1.8833333000000001
西红柿,番茄,2025-07-16,2.0166667
西红柿,番茄,2025-07-17,2.0166667
西红柿,番茄,2025-07-18,1.9166666999999999
西红柿,番茄,2025-07-19,1.9166666999999999
西红柿,番茄,2025-07-20,1.9166666999999999
西红柿,番茄,2025-07-21,1.9166666999999999
西红柿,番茄,2025-07-22,1.9166666999999999
西红柿,番茄,2025-07-23,1.9166666999999999
西红柿,番茄,2025-07-24,1.9166666999999999
西红柿,番茄,2025-07-25,1.9166666999999999
西红柿,番茄,2025-07-26,1.9166666999999999
西红柿,番茄,2025-07-27,2
西红柿,番茄,2025-07-28,2.1166667000000001
西红柿,番茄,2025-07-29,2.1166667000000001
西红柿,番茄,2025-07-30,2.1166667000000001
西红柿,番茄,2025-07-31,2.1166667000000001
西红柿,番茄,2025-08-01,1.9166666999999999
西红柿,番茄,2025-08-02,1.9166666999999999
西红柿,番茄,2025-08-03,1.8833333000000001
西红柿,番茄,2025-08-04,1.8500000000000001
西红柿,番茄,2025-08-05,1.8833333000000001
西红柿,番茄,2025-08-06,1.9166666999999999
西红柿,番茄,2025-08-07,1.8833333000000001
西红柿,番茄,2025-08-08,1.8833333000000001
西红柿,番茄,2025-08-09,1.8833333000000001
西红柿,番茄,2025-08-10,1.8833333000000001
西红柿,番茄,2025-08-11,1.8500000000000001
西红柿,番茄,2025-08-12,1.8166667000000001
西红柿,番茄,2025-08-13,1.8166667000000001
西红柿,番茄,2025-08-14,1.8166667000000001
西红柿,番茄,2025-08-15,1.8166667000000001
西红柿,番茄,2025-08-16,1.8166667000000001
西红柿,番茄,2025-08-17,1.8166667000000001
西红柿,番茄,2025-08-18,1.8166667000000001
西红柿,番茄,2025-08-19,1.8166667000000001
西红柿,番茄,2025-08-20,1.8166667000000001
西红柿,番茄,2025-08-21,1.8333333000000001
西红柿,番茄,2025-08-22,1.9333332999999999
西红柿,番茄,2025-08-23,2.0333332999999998
西红柿,番茄,2025-08-24,2.0333332999999998
西红柿,番茄,2025-08-25,2.0333332999999998
西红柿,番茄,2025-08-26,2.2166667000000002
西红柿,番茄,2025-08-27,2.2833332999999998
西红柿,番茄,2025-08-28,2.2833332999999998
西红柿,番茄,2025-08-29,2.2833332999999998
西红柿,番茄,2025-08-30,2.25
西红柿,番茄,2025-08-31,2.2666667
西红柿,番茄,2025-09-01,2.3333333000000001
西红柿,番茄,2025-09-02,2.3500000000000001
西红柿,番茄,2025-09-03,2.5166667
西红柿,番茄,2025-09-04,2.7333333
西红柿,番茄,2025-09-05,2.7333333
西红柿,番茄,2025-09-06,2.7333333
西红柿,番茄,2025-09-07,2.8166666999999999
西红柿,番茄,2025-09-08,2.8500000000000001
西红柿,番茄,2025-09-09,2.8500000000000001
西红柿,番茄,2025-09-10,2.8500000000000001
西红柿,番茄,2025-09-11,2.8500000000000001
西红柿,番茄,2025-09-12,2.8500000000000001
西红柿,番茄,2025-09-13,2.7999999999999998
西红柿,番茄,2025-09-14,2.7999999999999998
西红柿,番茄,2025-09-15,2.7999999999999998
西红柿,番茄,2025-09-16,2.7999999999999998
西红柿,番茄,2025-09-17,2.7999999999999998
西红柿,番茄,2025-09-18,2.7999999999999998
西红柿,番茄,2025-09-19,2.7999999999999998
西红柿,番茄,2025-09-20,2.8833332999999999
西红柿,番茄,2025-09-21,2.8833332999999999
西红柿,番茄,2025-09-22,2.8833332999999999
西红柿,番茄,2025-09-23,2.8833332999999999
西红柿,番茄,2025-09-24,2.8833332999999999
西红柿,番茄,2025-09-25,2.8833332999999999
西红柿,番茄,2025-09-26,2.8833332999999999
西红柿,番茄,2025-09-27,2.8833332999999999
西红柿,番茄,2025-09-28,2.8833332999999999
西红柿,番茄,2025-09-29,2.7999999999999998
西红柿,番茄,2025-09-30,2.7999999999999998
西红柿,番茄,2025-10-01,2.7999999999999998
西红柿,番茄,2025-10-02,2.6666666999999999
西红柿,番茄,2025-10-03,2.4833333
西红柿,番茄,2025-10-04,2.3833332999999999
西红柿,番茄,2025-10-05,2.3833332999999999
西红柿,番茄,2025-10-06,2.3999999999999999
西红柿,番茄,2025-10-07,2.3999999999999999
西红柿,番茄,2025-10-08,2.5166667
西红柿,番茄,2025-10-09,2.5666666999999999
西红柿,番茄,2025-10-10,2.5666666999999999
西红柿,番茄,2025-10-11,2.7999999999999998
西红柿,番茄,2025-10-12,2.8999999999999999
西红柿,番茄,2025-10-13,3.2000000000000002
西红柿,番茄,2025-10-14,3.4166666999999999
西红柿,番茄,2025-10-15,3.4166666999999999
西红柿,番茄,2025-10-16,3.5166667
西红柿,番茄,2025-10-17,3.6000000000000001
西红柿,番茄,2025-10-18,3.6000000000000001
西红柿,番茄,2025-10-19,3.5166667
西红柿,番茄,2025-10-20,3.6000000000000001
西红柿,番茄,2025-10-21,3.6499999999999999
西红柿,番茄,2025-10-22,3.6499999999999999
西红柿,番茄,2025-10-23,3.6833333000000001
西红柿,番茄,2025-10-24,3.6833333000000001
西红柿,番茄,2025-10-25,3.8500000000000001
西红柿,番茄,2025-10-26,3.8500000000000001
西红柿,番茄,2025-10-27,3.75
西红柿,番茄,2025-10-28,3.6833333000000001
西红柿,番茄,2025-10-29,3.6833333000000001
西红柿,番茄,2025-10-30,3.6833333000000001
西红柿,番茄,2025-10-31,3.6833333000000001
西红柿,番茄,2025-11-01,3.6833333000000001
西红柿,番茄,2025-11-02,3.6833333000000001
西红柿,番茄,2025-11-03,3.6833333000000001
西红柿,番茄,2025-11-04,3.4500000000000002
西红柿,番茄,2025-11-05,3.5333332999999998
西红柿,番茄,2025-11-06,3.6499999999999999
西红柿,番茄,2025-11-07,3.8333333000000001
西红柿,番茄,2025-11-08,4.0333332999999998
西红柿,番茄,2025-11-09,4.2999999999999998
西红柿,番茄,2025-11-10,4.2999999999999998
西红柿,番茄,2025-11-11,4.3833333000000003
西红柿,番茄,2025-11-12,4.3833333000000003
西红柿,番茄,2025-11-13,4.3833333000000003
西红柿,番茄,2025-11-14,4.3833333000000003
西红柿,番茄,2025-11-15,4.3833333000000003
西红柿,番茄,2025-11-16,4.3833333000000003
西红柿,番茄,2025-11-17,4.2166667000000002
西红柿,番茄,2025-11-18,4.2166667000000002
西红柿,番茄,2025-11-19,4.2166667000000002
西红柿,番茄,2025-11-20,4.2166667000000002
西红柿,番茄,2025-11-21,4.2166667000000002
西红柿,番茄,2025-11-22,4.2166667000000002
西红柿,番茄,2025-11-23,4.2166667000000002
西红柿,番茄,2025-11-24,4.1833333000000001
西红柿,番茄,2025-11-25,4.1833333000000001
西红柿,番茄,2025-11-26,4.1833333000000001
西红柿,番茄,2025-11-27,4.1833333000000001
西红柿,番茄,2025-11-28,4.1500000000000004
西红柿,番茄,2025-11-29,4.1500000000000004
西红柿,番茄,2025-11-30,4.1500000000000004
西红柿,番茄,2025-12-01,4.1500000000000004
西红柿,番茄,2025-12-02,4.1500000000000004
西红柿,番茄,2025-12-03,4.2833332999999998
西红柿,番茄,2025-12-04,4.2833332999999998
西红柿,番茄,2025-12-05,4.3333332999999996
西红柿,番茄,2025-12-06,4.3333332999999996
西红柿,番茄,2025-12-07,4.3333332999999996
西红柿,番茄,2025-12-08,4.2833332999999998
西红柿,番茄,2025-12-09,4.2833332999999998
西红柿,番茄,2025-12-10,4.3666666999999997
西红柿,番茄,2025-12-11,4.3666666999999997
西红柿,番茄,2025-12-12,4.6333333000000003
西红柿,番茄,2025-12-13,4.6833333000000001
西红柿,番茄,2025-12-14,4.8499999999999996
西红柿,番茄,2025-12-15,5.0166667
西红柿,番茄,2025-12-16,5
西红柿,番茄,2025-12-17,5.0833332999999996
西红柿,番茄,2025-12-18,5.0833332999999996
西红柿,番茄,2025-12-19,5.0833332999999996
西红柿,番茄,2025-12-20,5.0833332999999996
西红柿,番茄,2025-12-21,5.0833332999999996
西红柿,番茄,2025-12-22,5.0833332999999996
西红柿,番茄,2025-12-23,5.0833332999999996
西红柿,番茄,2025-12-24,5.0833332999999996
西红柿,番茄,2025-12-25,5.0833332999999996
西红柿,番茄,2025-12-26,4.9333333000000001
西红柿,番茄,2025-12-27,4.7999999999999998
西红柿,番茄,2025-12-28,4.6166666999999997
西红柿,番茄,2025-12-29,4.5333332999999998
西红柿,番茄,2025-12-30,4.4666667000000002
西红柿,番茄,2025-12-31,4.25
西红柿,番茄,2026-01-01,4.25
西红柿,番茄,2026-01-02,4.25
西红柿,番茄,2026-01-03,4.25
西红柿,番茄,2026-01-04,4.25
西红柿,番茄,2026-01-05,4.3333332999999996
西红柿,番茄,2026-01-06,4.0499999999999998
西红柿,番茄,2026-01-07,4.0499999999999998
西红柿,番茄,2026-01-08,4.0499999999999998
西红柿,番茄,2026-01-09,3.9500000000000002
西红柿,番茄,2026-01-10,3.9500000000000002
西红柿,番茄,2026-01-11,3.9333333000000001
西红柿,番茄,2026-01-12,3.9333333000000001
西红柿,番茄,2026-01-13,3.8666667000000001
西红柿,番茄,2026-01-14,3.8666667000000001
西红柿,番茄,2026-01-15,3.8666667000000001
西红柿,番茄,2026-01-16,3.8333333000000001
西红柿,番茄,2026-01-17,4.1333333000000003
西红柿,番茄,2026-01-18,4.1833333000000001
西红柿,番茄,2026-01-19,4.2166667000000002
西红柿,番茄,2026-01-20,4.1333333000000003
西红柿,番茄,2026-01-21,4.0833332999999996
西红柿,番茄,2026-01-22,4.0666666999999999
西红柿,番茄,2026-01-23,4.2000000000000002
西红柿,番茄,2026-01-24,4.2000000000000002
西红柿,番茄,2026-01-25,4.2000000000000002
西红柿,番茄,2026-01-26,4.1666667000000004
西红柿,番茄,2026-01-27,4.1666667000000004
西红柿,番茄,2026-01-28,4.1666667000000004
西红柿,番茄,2026-01-29,3.9333333000000001
西红柿,番茄,2026-01-30,3.8666667000000001
西红柿,番茄,2026-01-31,3.8666667000000001
西红柿,番茄,2026-02-01,3.7666667
西红柿,番茄,2026-02-02,3.7666667
西红柿,番茄,2026-02-03,3.7666667
西红柿,番茄,2026-02-04,3.7000000000000002
西红柿,番茄,2026-02-05,3.7000000000000002
西红柿,番茄,2026-02-06,3.6499999999999999
西红柿,番茄,2026-02-07,3.5333332999999998
西红柿,番茄,2026-02-08,3.5333332999999998
西红柿,番茄,2026-02-09,3.2999999999999998
西红柿,番茄,2026-02-10,3.2999999999999998
西红柿,番茄,2026-02-11,2.9333333000000001
西红柿,番茄,2026-02-12,2.9333333000000001
西红柿,番茄,2026-02-13,3.1333332999999999
西红柿,番茄,2026-02-14,3.1333332999999999
西红柿,番茄,2026-02-15,3
西红柿,番茄,2026-02-16,3
西红柿,番茄,2026-02-24,2.6499999999999999
西红柿,番茄,2026-02-25,2.6333332999999999
西红柿,番茄,2026-02-26,2.5166667
西红柿,番茄,2026-02-27,2.5166667
西红柿,番茄,2026-02-28,2.4833333
西红柿,番茄,2026-03-01,2.4833333
西红柿,番茄,2026-03-02,2.3999999999999999
西红柿,番茄,2026-03-03,2.3333333000000001
西红柿,番茄,2026-03-04,2.3333333000000001
西红柿,番茄,2026-03-05,2.3333333000000001
西红柿,番茄,2026-03-06,2.3333333000000001
西红柿,番茄,2026-03-07,2.3333333000000001
西红柿,番茄,2026-03-08,2.3333333000000001
西红柿,番茄,2026-03-09,2.3333333000000001
西红柿,番茄,2026-03-10,2.3333333000000001
西红柿,番茄,2026-03-11,2.5333332999999998
西红柿,番茄,2026-03-12,2.6833333000000001
西红柿,番茄,2026-03-13,2.7333333
西红柿,番茄,2026-03-14,2.7333333
西红柿,番茄,2026-03-15,2.7333333
西红柿,番茄,2026-03-16,2.7333333
西红柿,番茄,2026-03-17,2.6166667000000001
西红柿,番茄,2026-03-18,2.5833333000000001
西红柿,番茄,2026-03-19,2.5499999999999998
西红柿,番茄,2026-03-20,2.5166667
西红柿,番茄,2026-03-21,2.4166666999999999
西红柿,番茄,2026-03-22,2.4166666999999999
西红柿,番茄,2026-03-23,2.4166666999999999
西红柿,番茄,2026-03-24,2.4166666999999999
西红柿,番茄,2026-03-25,2.3999999999999999
西红柿,番茄,2026-03-26,2.3999999999999999
西红柿,番茄,2026-03-27,2.2666667
西红柿,番茄,2026-03-28,2.2666667
西红柿,番茄,2026-03-29,2.25
西红柿,番茄,2026-03-30,2.25
西红柿,番茄,2026-03-31,2.2166667000000002
西红柿,番茄,2026-04-01,2.2166667000000002
西红柿,番茄,2026-04-02,2.2166667000000002
西红柿,番茄,2026-04-03,2.1333332999999999
西红柿,番茄,2026-04-04,2.1333332999999999
西红柿,番茄,2026-04-05,2.0666666999999999
西红柿,番茄,2026-04-06,2.0666666999999999
西红柿,番茄,2026-04-07,2
西红柿,番茄,2026-04-08,2.0166667
西红柿,番茄,2026-04-09,2.1499999999999999
西红柿,番茄,2026-04-10,2.1499999999999999
西红柿,番茄,2026-04-11,2.1499999999999999
西红柿,番茄,2026-04-12,2.1499999999999999
西红柿,番茄,2026-04-13,2.1499999999999999
西红柿,番茄,2026-04-14,2.1833333000000001
西红柿,番茄,2026-04-15,2.2999999999999998
西红柿,番茄,2026-04-16,2.3833332999999999
西红柿,番茄,2026-04-17,2.3833332999999999
西红柿,番茄,2026-04-18,2.3833332999999999
西红柿,番茄,2026-04-19,2.4333333000000001
西红柿,番茄,2026-04-20,2.4500000000000002
西红柿,番茄,2026-04-21,2.3999999999999999
西红柿,番茄,2026-04-22,2.3666667000000001
西红柿,番茄,2026-04-23,2.3666667000000001
西红柿,番茄,2026-04-24,2.3666667000000001
西红柿,番茄,2026-04-25,2.3666667000000001
西红柿,番茄,2026-04-26,2.3666667000000001
西红柿,番茄,2026-04-27,2.3666667000000001
西红柿,番茄,2026-04-28,2.3666667000000001
西红柿,番茄,2026-04-29,2.3666667000000001
西红柿,番茄,2026-04-30,2.3666667000000001
西红柿,番茄,2026-05-01,2.2000000000000002
西红柿,番茄,2026-05-02,2.2000000000000002
西红柿,番茄,2026-05-03,2.2000000000000002
西红柿,番茄,2026-05-04,2.2000000000000002
西红柿,番茄,2026-05-05,2.2000000000000002
西红柿,番茄,2026-05-06,2.0666666999999999
西红柿,番茄,2026-05-07,2.0666666999999999
西红柿,番茄,2026-05-08,2
西红柿,番茄,2026-05-09,2
西红柿,番茄,2026-05-10,1.95
西红柿,番茄,2026-05-11,1.8999999999999999
西红柿,番茄,2026-05-12,1.8999999999999999
西红柿,番茄,2026-05-13,1.8333333000000001
西红柿,番茄,2026-05-14,1.8333333000000001
西红柿,番茄,2026-05-15,1.8333333000000001
西红柿,番茄,2026-05-16,1.8333333000000001
西红柿,番茄,2026-05-17,1.8333333000000001
西红柿,番茄,2026-05-18,1.8666666999999999
西红柿,番茄,2026-05-19,1.8666666999999999
西红柿,番茄,2026-05-20,1.75
西红柿,番茄,2026-05-21,1.75
西红柿,番茄,2026-05-22,1.6499999999999999
西红柿,番茄,2026-05-23,1.6333333000000001
西红柿,番茄,2026-05-24,1.6333333000000001
西红柿,番茄,2026-05-25,1.5666667000000001
西红柿,番茄,2026-05-26,1.5666667000000001
西红柿,番茄,2026-05-27,1.5666667000000001
西红柿,番茄,2026-05-28,1.5666667000000001
西红柿,番茄,2026-05-29,1.5666667000000001
西红柿,番茄,2026-05-30,1.5666667000000001
西红柿,番茄,2026-05-31,1.5666667000000001
西红柿,番茄,2026-06-01,1.5666667000000001
西红柿,番茄,2026-06-02,1.5666667000000001
西红柿,番茄,2026-06-03,1.5666667000000001
西红柿,番茄,2026-06-04,1.5666667000000001
西红柿,番茄,2026-06-05,1.5666667000000001
西红柿,番茄,2026-06-06,1.5666667000000001
西红柿,番茄,2026-06-07,1.5666667000000001
西红柿,番茄,2026-06-08,1.5666667000000001
西红柿,番茄,2026-06-09,1.4666667
西红柿,番茄,2026-06-10,1.5166667
西红柿,番茄,2026-06-11,1.4333332999999999
西红柿,番茄,2026-06-12,1.4333332999999999
西红柿,番茄,2026-06-13,1.3666666999999999
西红柿,番茄,2026-06-14,1.3666666999999999
西红柿,番茄,2026-06-15,1.3666666999999999
西红柿,番茄,2026-06-16,1.3666666999999999
西红柿,番茄,2026-06-17,1.4666667
西红柿,番茄,2026-06-18,1.4666667
西红柿,番茄,2026-06-19,1.4666667
西红柿,番茄,2026-06-20,1.4666667
西红柿,番茄,2026-06-21,1.4666667
西红柿,番茄,2026-06-22,1.4666667
西红柿,番茄,2026-06-23,1.4666667
西红柿,番茄,2026-06-24,1.4666667
西红柿,番茄,2026-06-25,1.4666667
西红柿,番茄,2026-06-26,1.4666667
西红柿,番茄,2026-06-27,1.45
西红柿,番茄,2026-06-28,1.45
西红柿,番茄,2026-06-29,1.4166666999999999
西红柿,番茄,2026-06-30,1.4166666999999999
西红柿,番茄,2026-07-01,1.4666667
西红柿,番茄,2026-07-02,1.4666667
西红柿,番茄,2026-07-03,1.4666667
西红柿,番茄,2026-07-04,1.4333332999999999
西红柿,番茄,2026-07-05,1.4333332999999999
西红柿,番茄,2026-07-06,1.4333332999999999
西红柿,番茄,2026-07-07,1.4333332999999999
西红柿,番茄,2026-07-08,1.4333332999999999
西红柿,番茄,2026-07-09,1.4333332999999999
西红柿,番茄,2026-07-10,1.4333332999999999
西红柿,番茄,2026-07-11,1.4333332999999999
西红柿,番茄,2026-07-12,1.4333332999999999
西红柿,番茄,2026-07-13,1.4333332999999999
西红柿,番茄,2026-07-14,1.5
西红柿,番茄,2026-07-15,1.4333332999999999
西红柿,番茄,2026-07-16,1.4333332999999999
西红柿,番茄,2026-07-17,1.4333332999999999
西红柿,番茄,2026-07-18,1.4333332999999999
西红柿,番茄,2026-07-19,1.4333332999999999
西红柿,番茄,2026-07-20,1.4333332999999999
西红柿,番茄,2026-07-21,1.4333332999999999
西红柿,番茄,2026-07-22,1.4333332999999999
西红柿,番茄,2026-07-23,1.4333332999999999
西红柿,番茄,2026-07-24,1.7
西红柿,番茄,2026-07-25,1.7
西红柿,番茄,2026-07-26,1.75
西红柿,番茄,2026-07-27,1.75
西红柿,番茄,2026-07-28,1.75
西红柿,番茄,2026-07-29,1.75
西红柿,番茄,2026-07-30,1.8666666999999999
西红柿,番茄,2026-07-31,1.8666666999999999
西红柿,番茄,2026-08-01,1.8666666999999999
西红柿,番茄,2026-08-02,1.8666666999999999
西红柿,番茄,2026-08-03,1.8666666999999999
西红柿,番茄,2026-08-04,1.8666666999999999
西红柿,番茄,2026-08-05,1.8666666999999999
西红柿,番茄,2026-08-06,1.8666666999999999
西红柿,番茄,2026-08-07,1.8666666999999999
西红柿,番茄,2026-08-08,1.6333333000000001
西红柿,番茄,2026-08-09,1.4833333
西红柿,番茄,2026-08-10,1.3833333000000001
西红柿,番茄,2026-08-11,1.3166667000000001
西红柿,番茄,2026-08-12,1.3166667000000001
西红柿,番茄,2026-08-13,1.45
西红柿,番茄,2026-08-14,1.3166667000000001
西红柿,番茄,2026-08-15,1.3166667000000001
西红柿,番茄,2026-08-16,1.3166667000000001
西红柿,番茄,2026-08-17,1.3166667000000001
西红柿,番茄,2026-08-18,1.3166667000000001
西红柿,番茄,2026-08-19,1.3166667000000001
西红柿,番茄,2026-08-20,1.3500000000000001
西红柿,番茄,2026-08-21,1.3500000000000001
西红柿,番茄,2026-08-22,1.3500000000000001
西红柿,番茄,2026-08-23,1.3500000000000001
西红柿,番茄,2026-08-24,1.3833333000000001
西红柿,番茄,2026-08-25,1.4333332999999999
西红柿,番茄,2026-08-26,1.45
西红柿,番茄,2026-08-27,1.45
西红柿,番茄,2026-08-28,1.5333333
西红柿,番茄,2026-08-29,1.5333333
西红柿,番茄,2026-08-30,1.5333333
西红柿,番茄,2026-08-31,1.5333333
西红柿,番茄,2026-09-01,1.5333333
西红柿,番茄,2026-09-02,1.5333333
西红柿,番茄,2026-09-03,1.5333333
西红柿,番茄,2026-09-04,1.5333333
西红柿,番茄,2026-09-05,1.5333333
西红柿,番茄,2026-09-06,1.5333333
西红柿,番茄,2026-09-07,1.5333333
西红柿,番茄,2026-09-08,1.6499999999999999
西红柿,番茄,2026-09-09,1.8166667000000001
西红柿,番茄,2026-09-10,2.0499999999999998
西红柿,番茄,2026-09-11,2.0499999999999998
西红柿,番茄,2026-09-12,2.0499999999999998
西红柿,番茄,2026-09-13,2.0499999999999998
西红柿,番茄,2026-09-14,2.0499999999999998
西红柿,番茄,2026-09-15,2.1000000000000001
西红柿,番茄,2026-09-16,2.1000000000000001
西红柿,番茄,2026-09-17,2.0833333000000001
西红柿,番茄,2026-09-18,2.0833333000000001
西红柿,番茄,2026-09-19,2.0833333000000001
西红柿,番茄,2026-09-20,2.0833333000000001
西红柿,番茄,2026-09-21,2.1166667000000001
西红柿,番茄,2026-09-22,2.1000000000000001
西红柿,番茄,2026-09-23,2.0833333000000001
西红柿,番茄,2026-09-24,2.0833333000000001
西红柿,番茄,2026-09-25,2.0833333000000001
西红柿,番茄,2026-09-26,2.0833333000000001
西红柿,番茄,2026-09-27,2.0833333000000001
鸡蛋,散鸡蛋,2024-09-28,5.5499999999999998
鸡蛋,散鸡蛋,2024-09-29,5.5499999999999998
鸡蛋,散鸡蛋,2024-09-30,5.1500000000000004
鸡蛋,散鸡蛋,2024-10-01,5.0999999999999996
鸡蛋,散鸡蛋,2024-10-02,5.0999999999999996
鸡蛋,散鸡蛋,2024-10-03,5.0999999999999996
鸡蛋,散鸡蛋,2024-10-04,5.0999999999999996
鸡蛋,散鸡蛋,2024-10-05,5.0999999999999996
鸡蛋,散鸡蛋,2024-10-06,5.0999999999999996
鸡蛋,散鸡蛋,2024-10-07,5.1500000000000004
鸡蛋,散鸡蛋,2024-10-08,5.0999999999999996
鸡蛋,散鸡蛋,2024-10-09,5.0999999999999996
鸡蛋,散鸡蛋,2024-10-10,5.0999999999999996
鸡蛋,散鸡蛋,2024-10-11,5
鸡蛋,散鸡蛋,2024-10-12,5
鸡蛋,散鸡蛋,2024-10-13,5
鸡蛋,散鸡蛋,2024-10-14,5.2000000000000002
鸡蛋,散鸡蛋,2024-10-15,5.2000000000000002
鸡蛋,散鸡蛋,2024-10-16,5.2000000000000002
鸡蛋,散鸡蛋,2024-10-17,5.4000000000000004
鸡蛋,散鸡蛋,2024-10-18,5.4000000000000004
鸡蛋,散鸡蛋,2024-10-19,5.4000000000000004
鸡蛋,散鸡蛋,2024-10-20,5.4000000000000004
鸡蛋,散鸡蛋,2024-10-21,5.6500000000000004
鸡蛋,散鸡蛋,2024-10-22,5.6500000000000004
鸡蛋,散鸡蛋,2024-10-23,5.6500000000000004
鸡蛋,散鸡蛋,2024-10-24,5.6500000000000004
鸡蛋,散鸡蛋,2024-10-25,5.6500000000000004
鸡蛋,散鸡蛋,2024-10-26,5.6500000000000004
鸡蛋,散鸡蛋,2024-10-27,5.6500000000000004
鸡蛋,散鸡蛋,2024-10-28,5.5
鸡蛋,散鸡蛋,2024-10-29,5.4000000000000004
鸡蛋,散鸡蛋,2024-10-30,5.4000000000000004
鸡蛋,散鸡蛋,2024-10-31,5.4000000000000004
鸡蛋,散鸡蛋,2024-11-01,5.4000000000000004
鸡蛋,散鸡蛋,2024-11-02,5.4000000000000004
鸡蛋,散鸡蛋,2024-11-03,5.4000000000000004
鸡蛋,散鸡蛋,2024-11-04,5.4000000000000004
鸡蛋,散鸡蛋,2024-11-05,5.4000000000000004
鸡蛋,散鸡蛋,2024-11-06,5.2999999999999998
鸡蛋,散鸡蛋,2024-11-07,5.25
鸡蛋,散鸡蛋,2024-11-08,5.25
鸡蛋,散鸡蛋,2024-11-09,5.25
鸡蛋,散鸡蛋,2024-11-10,5.25
鸡蛋,散鸡蛋,2024-11-11,5.25
鸡蛋,散鸡蛋,2024-11-12,5.25
鸡蛋,散鸡蛋,2024-11-13,5.25
鸡蛋,散鸡蛋,2024-11-14,5.25
鸡蛋,散鸡蛋,2024-11-15,5.25
鸡蛋,散鸡蛋,2024-11-16,5.25
鸡蛋,散鸡蛋,2024-11-17,5.25
鸡蛋,散鸡蛋,2024-11-18,5.0999999999999996
鸡蛋,散鸡蛋,2024-11-19,5
鸡蛋,散鸡蛋,2024-11-20,5
鸡蛋,散鸡蛋,2024-11-21,5
鸡蛋,散鸡蛋,2024-11-22,5
鸡蛋,散鸡蛋,2024-11-23,5
鸡蛋,散鸡蛋,2024-11-24,5
鸡蛋,散鸡蛋,2024-11-25,5
鸡蛋,散鸡蛋,2024-11-26,5
鸡蛋,散鸡蛋,2024-11-27,5
鸡蛋,散鸡蛋,2024-11-28,5.0999999999999996
鸡蛋,散鸡蛋,2024-11-29,5.1500000000000004
鸡蛋,散鸡蛋,2024-11-30,5.1500000000000004
鸡蛋,散鸡蛋,2024-12-01,5.1500000000000004
鸡蛋,散鸡蛋,2024-12-02,5.25
鸡蛋,散鸡蛋,2024-12-03,5.25
鸡蛋,散鸡蛋,2024-12-04,5.25
鸡蛋,散鸡蛋,2024-12-05,5.4000000000000004
鸡蛋,散鸡蛋,2024-12-06,5.4000000000000004
鸡蛋,散鸡蛋,2024-12-07,5.4000000000000004
鸡蛋,散鸡蛋,2024-12-08,5.4000000000000004
鸡蛋,散鸡蛋,2024-12-09,5.4000000000000004
鸡蛋,散鸡蛋,2024-12-10,5.3499999999999996
鸡蛋,散鸡蛋,2024-12-11,5.1500000000000004
鸡蛋,散鸡蛋,2024-12-12,5.1500000000000004
鸡蛋,散鸡蛋,2024-12-13,5.1500000000000004
鸡蛋,散鸡蛋,2024-12-14,5.1500000000000004
鸡蛋,散鸡蛋,2024-12-15,5.1500000000000004
鸡蛋,散鸡蛋,2024-12-16,5.25
鸡蛋,散鸡蛋,2024-12-17,5.25
鸡蛋,散鸡蛋,2024-12-18,5.25
鸡蛋,散鸡蛋,2024-12-19,5.25
鸡蛋,散鸡蛋,2024-12-20,5.0999999999999996
鸡蛋,散鸡蛋,2024-12-21,5.0999999999999996
鸡蛋,散鸡蛋,2024-12-22,5.0999999999999996
鸡蛋,散鸡蛋,2024-12-23,5
鸡蛋,散鸡蛋,2024-12-24,5
鸡蛋,散鸡蛋,2024-12-25,5
鸡蛋,散鸡蛋,2024-12-26,5
鸡蛋,散鸡蛋,2024-12-27,5
鸡蛋,散鸡蛋,2024-12-28,5
鸡蛋,散鸡蛋,2024-12-29,5
鸡蛋,散鸡蛋,2024-12-30,5
鸡蛋,散鸡蛋,2024-12-31,5
鸡蛋,散鸡蛋,2025-01-01,5
鸡蛋,散鸡蛋,2025-01-02,5
鸡蛋,散鸡蛋,2025-01-03,5
鸡蛋,散鸡蛋,2025-01-04,5
鸡蛋,散鸡蛋,2025-01-05,5
鸡蛋,散鸡蛋,2025-01-06,5
鸡蛋,散鸡蛋,2025-01-07,4.9500000000000002
鸡蛋,散鸡蛋,2025-01-08,4.9500000000000002
鸡蛋,散鸡蛋,2025-01-09,5.0999999999999996
鸡蛋,散鸡蛋,2025-01-10,5.1500000000000004
鸡蛋,散鸡蛋,2025-01-11,5.1500000000000004
鸡蛋,散鸡蛋,2025-01-12,5.1500000000000004
鸡蛋,散鸡蛋,2025-01-13,5.1500000000000004
鸡蛋,散鸡蛋,2025-01-14,5.1500000000000004
鸡蛋,散鸡蛋,2025-01-15,5.3499999999999996
鸡蛋,散鸡蛋,2025-01-16,5.4000000000000004
鸡蛋,散鸡蛋,2025-01-17,5.4000000000000004
鸡蛋,散鸡蛋,2025-01-18,5.4000000000000004
鸡蛋,散鸡蛋,2025-01-19,5.4000000000000004
鸡蛋,散鸡蛋,2025-01-20,5.1500000000000004
鸡蛋,散鸡蛋,2025-01-21,5
鸡蛋,散鸡蛋,2025-01-22,5
鸡蛋,散鸡蛋,2025-01-23,5
鸡蛋,散鸡蛋,2025-01-24,5
鸡蛋,散鸡蛋,2025-01-25,5
鸡蛋,散鸡蛋,2025-01-26,5
鸡蛋,散鸡蛋,2025-01-27,5
鸡蛋,散鸡蛋,2025-02-05,4.5
鸡蛋,散鸡蛋,2025-02-06,4.25
鸡蛋,散鸡蛋,2025-02-07,4.25
鸡蛋,散鸡蛋,2025-02-08,4.25
鸡蛋,散鸡蛋,2025-02-09,4.25
鸡蛋,散鸡蛋,2025-02-10,4.25
鸡蛋,散鸡蛋,2025-02-11,4.25
鸡蛋,散鸡蛋,2025-02-12,4.3499999999999996
鸡蛋,散鸡蛋,2025-02-13,4.3499999999999996
鸡蛋,散鸡蛋,2025-02-14,4.3499999999999996
鸡蛋,散鸡蛋,2025-02-15,4.3499999999999996
鸡蛋,散鸡蛋,2025-02-16,4.3499999999999996
鸡蛋,散鸡蛋,2025-02-17,4.3499999999999996
鸡蛋,散鸡蛋,2025-02-18,4.25
鸡蛋,散鸡蛋,2025-02-19,4.0999999999999996
鸡蛋,散鸡蛋,2025-02-20,3.8999999999999999
鸡蛋,散鸡蛋,2025-02-21,3.9500000000000002
鸡蛋,散鸡蛋,2025-02-22,3.9500000000000002
鸡蛋,散鸡蛋,2025-02-23,3.9500000000000002
鸡蛋,散鸡蛋,2025-02-24,4
鸡蛋,散鸡蛋,2025-02-25,4
鸡蛋,散鸡蛋,2025-02-26,4
鸡蛋,散鸡蛋,2025-02-27,4.0999999999999996
鸡蛋,散鸡蛋,2025-02-28,4.1500000000000004
鸡蛋,散鸡蛋,2025-03-01,4.1500000000000004
鸡蛋,散鸡蛋,2025-03-02,4.1500000000000004
鸡蛋,散鸡蛋,2025-03-03,4.1500000000000004
鸡蛋,散鸡蛋,2025-03-04,4.25
鸡蛋,散鸡蛋,2025-03-05,4.25
鸡蛋,散鸡蛋,2025-03-06,4.25
鸡蛋,散鸡蛋,2025-03-07,4.25
鸡蛋,散鸡蛋,2025-03-08,4.25
鸡蛋,散鸡蛋,2025-03-09,4.25
鸡蛋,散鸡蛋,2025-03-10,4.25
鸡蛋,散鸡蛋,2025-03-11,4.1500000000000004
鸡蛋,散鸡蛋,2025-03-12,4.0999999999999996
鸡蛋,散鸡蛋,2025-03-13,4
鸡蛋,散鸡蛋,2025-03-14,4
鸡蛋,散鸡蛋,2025-03-15,4
鸡蛋,散鸡蛋,2025-03-16,4
鸡蛋,散鸡蛋,2025-03-17,3.8999999999999999
鸡蛋,散鸡蛋,2025-03-18,3.8999999999999999
鸡蛋,散鸡蛋,2025-03-19,3.8999999999999999
鸡蛋,散鸡蛋,2025-03-20,3.8999999999999999
鸡蛋,散鸡蛋,2025-03-21,3.8999999999999999
鸡蛋,散鸡蛋,2025-03-22,3.8999999999999999
鸡蛋,散鸡蛋,2025-03-23,3.8999999999999999
鸡蛋,散鸡蛋,2025-03-24,3.8999999999999999
鸡蛋,散鸡蛋,2025-03-25,3.8500000000000001
鸡蛋,散鸡蛋,2025-03-26,3.8500000000000001
鸡蛋,散鸡蛋,2025-03-27,3.8500000000000001
鸡蛋,散鸡蛋,2025-03-28,3.8500000000000001
鸡蛋,散鸡蛋,2025-03-29,3.8500000000000001
鸡蛋,散鸡蛋,2025-03-30,3.8500000000000001
鸡蛋,散鸡蛋,2025-03-31,3.8500000000000001
鸡蛋,散鸡蛋,2025-04-01,3.7000000000000002
鸡蛋,散鸡蛋,2025-04-02,3.7000000000000002
鸡蛋,散鸡蛋,2025-04-03,3.7000000000000002
鸡蛋,散鸡蛋,2025-04-04,3.7000000000000002
鸡蛋,散鸡蛋,2025-04-05,3.7000000000000002
鸡蛋,散鸡蛋,2025-04-06,3.7000000000000002
鸡蛋,散鸡蛋,2025-04-07,3.7000000000000002
鸡蛋,散鸡蛋,2025-04-08,3.75
鸡蛋,散鸡蛋,2025-04-09,3.8999999999999999
鸡蛋,散鸡蛋,2025-04-10,3.8999999999999999
鸡蛋,散鸡蛋,2025-04-11,3.8999999999999999
鸡蛋,散鸡蛋,2025-04-12,3.8999999999999999
鸡蛋,散鸡蛋,2025-04-13,3.8999999999999999
鸡蛋,散鸡蛋,2025-04-14,4
鸡蛋,散鸡蛋,2025-04-15,4.0999999999999996
鸡蛋,散鸡蛋,2025-04-16,4.0999999999999996
鸡蛋,散鸡蛋,2025-04-17,4.25
鸡蛋,散鸡蛋,2025-04-18,4.25
鸡蛋,散鸡蛋,2025-04-19,4.25
鸡蛋,散鸡蛋,2025-04-20,4.25
鸡蛋,散鸡蛋,2025-04-21,4.25
鸡蛋,散鸡蛋,2025-04-22,4.25
鸡蛋,散鸡蛋,2025-04-23,4.25
鸡蛋,散鸡蛋,2025-04-24,4.0999999999999996
鸡蛋,散鸡蛋,2025-04-25,4.0999999999999996
鸡蛋,散鸡蛋,2025-04-26,4.0999999999999996
鸡蛋,散鸡蛋,2025-04-27,4.0999999999999996
鸡蛋,散鸡蛋,2025-04-28,4.0999999999999996
鸡蛋,散鸡蛋,2025-04-29,4
鸡蛋,散鸡蛋,2025-04-30,3.8999999999999999
鸡蛋,散鸡蛋,2025-05-01,3.8999999999999999
鸡蛋,散鸡蛋,2025-05-02,3.8999999999999999
鸡蛋,散鸡蛋,2025-05-03,3.8999999999999999
鸡蛋,散鸡蛋,2025-05-04,3.8999999999999999
鸡蛋,散鸡蛋,2025-05-05,3.75
鸡蛋,散鸡蛋,2025-05-06,3.75
鸡蛋,散鸡蛋,2025-05-07,3.75
鸡蛋,散鸡蛋,2025-05-08,3.7000000000000002
鸡蛋,散鸡蛋,2025-05-09,3.7000000000000002
鸡蛋,散鸡蛋,2025-05-10,3.7000000000000002
鸡蛋,散鸡蛋,2025-05-11,3.7000000000000002
鸡蛋,散鸡蛋,2025-05-12,3.75
鸡蛋,散鸡蛋,2025-05-13,3.8999999999999999
鸡蛋,散鸡蛋,2025-05-14,3.8999999999999999
鸡蛋,散鸡蛋,2025-05-15,3.8999999999999999
鸡蛋,散鸡蛋,2025-05-16,3.8999999999999999
鸡蛋,散鸡蛋,2025-05-17,3.8999999999999999
鸡蛋,散鸡蛋,2025-05-18,3.8999999999999999
鸡蛋,散鸡蛋,2025-05-19,3.8500000000000001
鸡蛋,散鸡蛋,2025-05-20,3.75
鸡蛋,散鸡蛋,2025-05-21,3.75
鸡蛋,散鸡蛋,2025-05-22,3.75
鸡蛋,散鸡蛋,2025-05-23,3.7000000000000002
鸡蛋,散鸡蛋,2025-05-24,3.7000000000000002
鸡蛋,散鸡蛋,2025-05-25,3.7000000000000002
鸡蛋,散鸡蛋,2025-05-26,3.7000000000000002
鸡蛋,散鸡蛋,2025-05-27,3.75
鸡蛋,散鸡蛋,2025-05-28,3.75
鸡蛋,散鸡蛋,2025-05-29,3.75
鸡蛋,散鸡蛋,2025-05-30,3.6499999999999999
鸡蛋,散鸡蛋,2025-05-31,3.6499999999999999
鸡蛋,散鸡蛋,2025-06-01,3.6499999999999999
鸡蛋,散鸡蛋,2025-06-02,3.5499999999999998
鸡蛋,散鸡蛋,2025-06-03,3.5
鸡蛋,散鸡蛋,2025-06-04,3.5
鸡蛋,散鸡蛋,2025-06-05,3.5
鸡蛋,散鸡蛋,2025-06-06,3.5
鸡蛋,散鸡蛋,2025-06-07,3.5
鸡蛋,散鸡蛋,2025-06-08,3.5
鸡蛋,散鸡蛋,2025-06-09,3.4500000000000002
鸡蛋,散鸡蛋,2025-06-10,3.4500000000000002
鸡蛋,散鸡蛋,2025-06-11,3.25
鸡蛋,散鸡蛋,2025-06-12,3.25
鸡蛋,散鸡蛋,2025-06-13,3.25
鸡蛋,散鸡蛋,2025-06-14,3.25
鸡蛋,散鸡蛋,2025-06-15,3.25
鸡蛋,散鸡蛋,2025-06-16,3.3999999999999999
鸡蛋,散鸡蛋,2025-06-17,3.4500000000000002
鸡蛋,散鸡蛋,2025-06-18,3.4500000000000002
鸡蛋,散鸡蛋,2025-06-19,3.5499999999999998
鸡蛋,散鸡蛋,2025-06-20,3.5499999999999998
鸡蛋,散鸡蛋,2025-06-21,3.5499999999999998
鸡蛋,散鸡蛋,2025-06-22,3.5499999999999998
鸡蛋,散鸡蛋,2025-06-23,3.5499999999999998
鸡蛋,散鸡蛋,2025-06-24,3.5499999999999998
鸡蛋,散鸡蛋,2025-06-25,3.5
鸡蛋,散鸡蛋,2025-06-26,3.5
鸡蛋,散鸡蛋,2025-06-27,3.5
鸡蛋,散鸡蛋,2025-06-28,3.5
鸡蛋,散鸡蛋,2025-06-29,3.5
鸡蛋,散鸡蛋,2025-06-30,3.4500000000000002
鸡蛋,散鸡蛋,2025-07-01,3.3999999999999999
鸡蛋,散鸡蛋,2025-07-02,3.3999999999999999
鸡蛋,散鸡蛋,2025-07-03,3.3999999999999999
鸡蛋,散鸡蛋,2025-07-04,3.3999999999999999
鸡蛋,散鸡蛋,2025-07-05,3.3999999999999999
鸡蛋,散鸡蛋,2025-07-06,3.3999999999999999
鸡蛋,散鸡蛋,2025-07-07,3.25
鸡蛋,散鸡蛋,2025-07-08,3.25
鸡蛋,散鸡蛋,2025-07-09,3.25
鸡蛋,散鸡蛋,2025-07-10,3.25
鸡蛋,散鸡蛋,2025-07-11,3.25
鸡蛋,散鸡蛋,2025-07-12,3.25
鸡蛋,散鸡蛋,2025-07-13,3.25
鸡蛋,散鸡蛋,2025-07-14,3.25
鸡蛋,散鸡蛋,2025-07-15,3.3999999999999999
鸡蛋,散鸡蛋,2025-07-16,3.3999999999999999
鸡蛋,散鸡蛋,2025-07-17,3.4500000000000002
鸡蛋,散鸡蛋,2025-07-18,3.5
鸡蛋,散鸡蛋,2025-07-19,3.5
鸡蛋,散鸡蛋,2025-07-20,3.5
鸡蛋,散鸡蛋,2025-07-21,3.7000000000000002
鸡蛋,散鸡蛋,2025-07-22,3.75
鸡蛋,散鸡蛋,2025-07-23,3.8999999999999999
鸡蛋,散鸡蛋,2025-07-24,3.8999999999999999
鸡蛋,散鸡蛋,2025-07-25,3.8999999999999999
鸡蛋,散鸡蛋,2025-07-26,3.8999999999999999
鸡蛋,散鸡蛋,2025-07-27,3.8999999999999999
鸡蛋,散鸡蛋,2025-07-28,3.8500000000000001
鸡蛋,散鸡蛋,2025-07-29,3.8500000000000001
鸡蛋,散鸡蛋,2025-07-30,3.8500000000000001
鸡蛋,散鸡蛋,2025-07-31,3.8500000000000001
鸡蛋,散鸡蛋,2025-08-01,3.7000000000000002
鸡蛋,散鸡蛋,2025-08-02,3.7000000000000002
鸡蛋,散鸡蛋,2025-08-03,3.7000000000000002
鸡蛋,散鸡蛋,2025-08-04,3.5499999999999998
鸡蛋,散鸡蛋,2025-08-05,3.5
鸡蛋,散鸡蛋,2025-08-06,3.5
鸡蛋,散鸡蛋,2025-08-07,3.5
鸡蛋,散鸡蛋,2025-08-08,3.5
鸡蛋,散鸡蛋,2025-08-09,3.5
鸡蛋,散鸡蛋,2025-08-10,3.5
鸡蛋,散鸡蛋,2025-08-11,3.7000000000000002
鸡蛋,散鸡蛋,2025-08-12,3.7000000000000002
鸡蛋,散鸡蛋,2025-08-13,3.7000000000000002
鸡蛋,散鸡蛋,2025-08-14,3.7000000000000002
鸡蛋,散鸡蛋,2025-08-15,3.7000000000000002
鸡蛋,散鸡蛋,2025-08-16,3.7000000000000002
鸡蛋,散鸡蛋,2025-08-17,3.7000000000000002
鸡蛋,散鸡蛋,2025-08-18,3.8999999999999999
鸡蛋,散鸡蛋,2025-08-19,3.8999999999999999
鸡蛋,散鸡蛋,2025-08-20,3.8999999999999999
鸡蛋,散鸡蛋,2025-08-21,3.8999999999999999
鸡蛋,散鸡蛋,2025-08-22,3.8999999999999999
鸡蛋,散鸡蛋,2025-08-23,3.8999999999999999
鸡蛋,散鸡蛋,2025-08-24,3.8999999999999999
鸡蛋,散鸡蛋,2025-08-25,3.8500000000000001
鸡蛋,散鸡蛋,2025-08-26,3.8999999999999999
鸡蛋,散鸡蛋,2025-08-27,3.9500000000000002
鸡蛋,散鸡蛋,2025-08-28,3.9500000000000002
鸡蛋,散鸡蛋,2025-08-29,3.8999999999999999
鸡蛋,散鸡蛋,2025-08-30,3.8999999999999999
鸡蛋,散鸡蛋,2025-08-31,3.8999999999999999
鸡蛋,散鸡蛋,2025-09-01,3.8999999999999999
鸡蛋,散鸡蛋,2025-09-02,3.8999999999999999
鸡蛋,散鸡蛋,2025-09-03,3.8999999999999999
鸡蛋,散鸡蛋,2025-09-04,3.8999999999999999
鸡蛋,散鸡蛋,2025-09-05,3.9500000000000002
鸡蛋,散鸡蛋,2025-09-06,3.9500000000000002
鸡蛋,散鸡蛋,2025-09-07,3.9500000000000002
鸡蛋,散鸡蛋,2025-09-08,3.9500000000000002
鸡蛋,散鸡蛋,2025-09-09,3.9500000000000002
鸡蛋,散鸡蛋,2025-09-10,3.9500000000000002
鸡蛋,散鸡蛋,2025-09-11,3.9500000000000002
鸡蛋,散鸡蛋,2025-09-12,4
鸡蛋,散鸡蛋,2025-09-13,4
鸡蛋,散鸡蛋,2025-09-14,4
鸡蛋,散鸡蛋,2025-09-15,4
鸡蛋,散鸡蛋,2025-09-16,4.25
鸡蛋,散鸡蛋,2025-09-17,4.25
鸡蛋,散鸡蛋,2025-09-18,4.25
鸡蛋,散鸡蛋,2025-09-19,4.25
鸡蛋,散鸡蛋,2025-09-20,4.25
鸡蛋,散鸡蛋,2025-09-21,4.25
鸡蛋,散鸡蛋,2025-09-22,4.25
鸡蛋,散鸡蛋,2025-09-23,4.25
鸡蛋,散鸡蛋,2025-09-24,4.25
鸡蛋,散鸡蛋,2025-09-25,4.0999999999999996
鸡蛋,散鸡蛋,2025-09-26,4.0999999999999996
鸡蛋,散鸡蛋,2025-09-27,4
鸡蛋,散鸡蛋,2025-09-28,4
鸡蛋,散鸡蛋,2025-09-29,4
鸡蛋,散鸡蛋,2025-09-30,4
鸡蛋,散鸡蛋,2025-10-01,4
鸡蛋,散鸡蛋,2025-10-02,4
鸡蛋,散鸡蛋,2025-10-03,4
鸡蛋,散鸡蛋,2025-10-04,4
鸡蛋,散鸡蛋,2025-10-05,4
鸡蛋,散鸡蛋,2025-10-06,4
鸡蛋,散鸡蛋,2025-10-07,4
鸡蛋,散鸡蛋,2025-10-08,3.75
鸡蛋,散鸡蛋,2025-10-09,3.75
鸡蛋,散鸡蛋,2025-10-10,3.6499999999999999
鸡蛋,散鸡蛋,2025-10-11,3.5499999999999998
鸡蛋,散鸡蛋,2025-10-12,3.5499999999999998
鸡蛋,散鸡蛋,2025-10-13,3.4500000000000002
鸡蛋,散鸡蛋,2025-10-14,3.4500000000000002
鸡蛋,散鸡蛋,2025-10-15,3.4500000000000002
鸡蛋,散鸡蛋,2025-10-16,3.4500000000000002
鸡蛋,散鸡蛋,2025-10-17,3.5499999999999998
鸡蛋,散鸡蛋,2025-10-18,3.5499999999999998
鸡蛋,散鸡蛋,2025-10-19,3.5499999999999998
鸡蛋,散鸡蛋,2025-10-20,3.5499999999999998
鸡蛋,散鸡蛋,2025-10-21,3.5
鸡蛋,散鸡蛋,2025-10-22,3.4500000000000002
鸡蛋,散鸡蛋,2025-10-23,3.5
鸡蛋,散鸡蛋,2025-10-24,3.5
鸡蛋,散鸡蛋,2025-10-25,3.5
鸡蛋,散鸡蛋,2025-10-26,3.5
鸡蛋,散鸡蛋,2025-10-27,3.5
鸡蛋,散鸡蛋,2025-10-28,3.5
鸡蛋,散鸡蛋,2025-10-29,3.5
鸡蛋,散鸡蛋,2025-10-30,3.5
鸡蛋,散鸡蛋,2025-10-31,3.5
鸡蛋,散鸡蛋,2025-11-01,3.5
鸡蛋,散鸡蛋,2025-11-02,3.5
鸡蛋,散鸡蛋,2025-11-03,3.4500000000000002
鸡蛋,散鸡蛋,2025-11-04,3.3500000000000001
鸡蛋,散鸡蛋,2025-11-05,3.3500000000000001
鸡蛋,散鸡蛋,2025-11-06,3.3500000000000001
鸡蛋,散鸡蛋,2025-11-07,3.4500000000000002
鸡蛋,散鸡蛋,2025-11-08,3.4500000000000002
鸡蛋,散鸡蛋,2025-11-09,3.4500000000000002
鸡蛋,散鸡蛋,2025-11-10,3.5
鸡蛋,散鸡蛋,2025-11-11,3.4500000000000002
鸡蛋,散鸡蛋,2025-11-12,3.4500000000000002
鸡蛋,散鸡蛋,2025-11-13,3.4500000000000002
鸡蛋,散鸡蛋,2025-11-14,3.4500000000000002
鸡蛋,散鸡蛋,2025-11-15,3.4500000000000002
鸡蛋,散鸡蛋,2025-11-16,3.4500000000000002
鸡蛋,散鸡蛋,2025-11-17,3.4500000000000002
鸡蛋,散鸡蛋,2025-11-18,3.3999999999999999
鸡蛋,散鸡蛋,2025-11-19,3.3500000000000001
鸡蛋,散鸡蛋,2025-11-20,3.3500000000000001
鸡蛋,散鸡蛋,2025-11-21,3.3500000000000001
鸡蛋,散鸡蛋,2025-11-22,3.3500000000000001
鸡蛋,散鸡蛋,2025-11-23,3.3500000000000001
鸡蛋,散鸡蛋,2025-11-24,3.3999999999999999
鸡蛋,散鸡蛋,2025-11-25,3.4500000000000002
鸡蛋,散鸡蛋,2025-11-26,3.4500000000000002
鸡蛋,散鸡蛋,2025-11-27,3.4500000000000002
鸡蛋,散鸡蛋,2025-11-28,3.4500000000000002
鸡蛋,散鸡蛋,2025-11-29,3.4500000000000002
鸡蛋,散鸡蛋,2025-11-30,3.4500000000000002
鸡蛋,散鸡蛋,2025-12-01,3.5499999999999998
鸡蛋,散鸡蛋,2025-12-02,3.5499999999999998
鸡蛋,散鸡蛋,2025-12-03,3.5499999999999998
鸡蛋,散鸡蛋,2025-12-04,3.5499999999999998
鸡蛋,散鸡蛋,2025-12-05,3.5
鸡蛋,散鸡蛋,2025-12-06,3.5
鸡蛋,散鸡蛋,2025-12-07,3.5
鸡蛋,散鸡蛋,2025-12-08,3.5
鸡蛋,散鸡蛋,2025-12-09,3.5
鸡蛋,散鸡蛋,2025-12-10,3.5499999999999998
鸡蛋,散鸡蛋,2025-12-11,3.5499999999999998
鸡蛋,散鸡蛋,2025-12-12,3.5499999999999998
鸡蛋,散鸡蛋,2025-12-13,3.5499999999999998
鸡蛋,散鸡蛋,2025-12-14,3.5499999999999998
鸡蛋,散鸡蛋,2025-12-15,3.5499999999999998
鸡蛋,散鸡蛋,2025-12-16,3.5499999999999998
鸡蛋,散鸡蛋,2025-12-17,3.5499999999999998
鸡蛋,散鸡蛋,2025-12-18,3.5499999999999998
鸡蛋,散鸡蛋,2025-12-19,3.5499999999999998
鸡蛋,散鸡蛋,2025-12-20,3.5499999999999998
鸡蛋,散鸡蛋,2025-12-21,3.5499999999999998
鸡蛋,散鸡蛋,2025-12-22,3.5499999999999998
鸡蛋,散鸡蛋,2025-12-23,3.5499999999999998
鸡蛋,散鸡蛋,2025-12-24,3.5
鸡蛋,散鸡蛋,2025-12-25,3.4500000000000002
鸡蛋,散鸡蛋,2025-12-26,3.4500000000000002
鸡蛋,散鸡蛋,2025-12-27,3.4500000000000002
鸡蛋,散鸡蛋,2025-12-28,3.4500000000000002
鸡蛋,散鸡蛋,2025-12-29,3.5
鸡蛋,散鸡蛋,2025-12-30,3.5
鸡蛋,散鸡蛋,2025-12-31,3.5
鸡蛋,散鸡蛋,2026-01-01,3.5
鸡蛋,散鸡蛋,2026-01-02,3.5
鸡蛋,散鸡蛋,2026-01-03,3.5
鸡蛋,散鸡蛋,2026-01-04,3.5
鸡蛋,散鸡蛋,2026-01-05,3.5
鸡蛋,散鸡蛋,2026-01-06,3.5499999999999998
鸡蛋,散鸡蛋,2026-01-07,3.7000000000000002
鸡蛋,散鸡蛋,2026-01-08,3.75
鸡蛋,散鸡蛋,2026-01-09,3.75
鸡蛋,散鸡蛋,2026-01-10,3.75
鸡蛋,散鸡蛋,2026-01-11,3.75
鸡蛋,散鸡蛋,2026-01-12,3.8999999999999999
鸡蛋,散鸡蛋,2026-01-13,3.8999999999999999
鸡蛋,散鸡蛋,2026-01-14,3.9500000000000002
鸡蛋,散鸡蛋,2026-01-15,3.9500000000000002
鸡蛋,散鸡蛋,2026-01-16,4
鸡蛋,散鸡蛋,2026-01-17,4
鸡蛋,散鸡蛋,2026-01-18,4
鸡蛋,散鸡蛋,2026-01-19,4.1500000000000004
鸡蛋,散鸡蛋,2026-01-20,4.1500000000000004
鸡蛋,散鸡蛋,2026-01-21,4.1500000000000004
鸡蛋,散鸡蛋,2026-01-22,4.25
鸡蛋,散鸡蛋,2026-01-23,4.3499999999999996
鸡蛋,散鸡蛋,2026-01-24,4.3499999999999996
鸡蛋,散鸡蛋,2026-01-25,4.3499999999999996
鸡蛋,散鸡蛋,2026-01-26,4.3499999999999996
鸡蛋,散鸡蛋,2026-01-27,4.5
鸡蛋,散鸡蛋,2026-01-28,4.5499999999999998
鸡蛋,散鸡蛋,2026-01-29,4.5499999999999998
鸡蛋,散鸡蛋,2026-01-30,4.6500000000000004
鸡蛋,散鸡蛋,2026-01-31,4.6500000000000004
鸡蛋,散鸡蛋,2026-02-01,4.6500000000000004
鸡蛋,散鸡蛋,2026-02-02,4.5999999999999996
鸡蛋,散鸡蛋,2026-02-03,4.4500000000000002
鸡蛋,散鸡蛋,2026-02-04,4.4000000000000004
鸡蛋,散鸡蛋,2026-02-05,4.4000000000000004
鸡蛋,散鸡蛋,2026-02-06,4.4000000000000004
鸡蛋,散鸡蛋,2026-02-07,4.4000000000000004
鸡蛋,散鸡蛋,2026-02-08,4.4000000000000004
鸡蛋,散鸡蛋,2026-02-09,4.25
鸡蛋,散鸡蛋,2026-02-10,4.25
鸡蛋,散鸡蛋,2026-02-11,4.25
鸡蛋,散鸡蛋,2026-02-12,4.25
鸡蛋,散鸡蛋,2026-02-13,4.25
鸡蛋,散鸡蛋,2026-02-14,4.25
鸡蛋,散鸡蛋,2026-02-24,3.7000000000000002
鸡蛋,散鸡蛋,2026-02-25,3.5499999999999998
鸡蛋,散鸡蛋,2026-02-26,3.4500000000000002
鸡蛋,散鸡蛋,2026-02-27,3.4500000000000002
鸡蛋,散鸡蛋,2026-02-28,3.4500000000000002
鸡蛋,散鸡蛋,2026-03-01,3.4500000000000002
鸡蛋,散鸡蛋,2026-03-02,3.4500000000000002
鸡蛋,散鸡蛋,2026-03-03,3.4500000000000002
鸡蛋,散鸡蛋,2026-03-04,3.5499999999999998
鸡蛋,散鸡蛋,2026-03-05,3.5499999999999998
鸡蛋,散鸡蛋,2026-03-06,3.5
鸡蛋,散鸡蛋,2026-03-07,3.5
鸡蛋,散鸡蛋,2026-03-08,3.5
鸡蛋,散鸡蛋,2026-03-09,3.5
鸡蛋,散鸡蛋,2026-03-10,3.5499999999999998
鸡蛋,散鸡蛋,2026-03-11,3.5499999999999998
鸡蛋,散鸡蛋,2026-03-12,3.5499999999999998
鸡蛋,散鸡蛋,2026-03-13,3.5499999999999998
鸡蛋,散鸡蛋,2026-03-14,3.5499999999999998
鸡蛋,散鸡蛋,2026-03-15,3.5499999999999998
鸡蛋,散鸡蛋,2026-03-16,3.5499999999999998
鸡蛋,散鸡蛋,2026-03-17,3.5499999999999998
鸡蛋,散鸡蛋,2026-03-18,3.6499999999999999
鸡蛋,散鸡蛋,2026-03-19,3.6499999999999999
鸡蛋,散鸡蛋,2026-03-20,3.6499999999999999
鸡蛋,散鸡蛋,2026-03-21,3.6499999999999999
鸡蛋,散鸡蛋,2026-03-22,3.6499999999999999
鸡蛋,散鸡蛋,2026-03-23,3.75
鸡蛋,散鸡蛋,2026-03-24,3.75
鸡蛋,散鸡蛋,2026-03-25,3.75
鸡蛋,散鸡蛋,2026-03-26,3.75
鸡蛋,散鸡蛋,2026-03-27,3.8999999999999999
鸡蛋,散鸡蛋,2026-03-28,3.8999999999999999
鸡蛋,散鸡蛋,2026-03-29,3.8999999999999999
鸡蛋,散鸡蛋,2026-03-30,3.8999999999999999
鸡蛋,散鸡蛋,2026-03-31,3.9500000000000002
鸡蛋,散鸡蛋,2026-04-01,3.9500000000000002
鸡蛋,散鸡蛋,2026-04-02,3.9500000000000002
鸡蛋,散鸡蛋,2026-04-03,3.9500000000000002
鸡蛋,散鸡蛋,2026-04-04,3.9500000000000002
鸡蛋,散鸡蛋,2026-04-05,3.9500000000000002
鸡蛋,散鸡蛋,2026-04-06,3.9500000000000002
鸡蛋,散鸡蛋,2026-04-07,3.9500000000000002
鸡蛋,散鸡蛋,2026-04-08,3.9500000000000002
鸡蛋,散鸡蛋,2026-04-09,3.9500000000000002
鸡蛋,散鸡蛋,2026-04-10,4
鸡蛋,散鸡蛋,2026-04-11,4
鸡蛋,散鸡蛋,2026-04-12,4
鸡蛋,散鸡蛋,2026-04-13,4
鸡蛋,散鸡蛋,2026-04-14,4.25
鸡蛋,散鸡蛋,2026-04-15,4.2999999999999998
鸡蛋,散鸡蛋,2026-04-16,4.2999999999999998
鸡蛋,散鸡蛋,2026-04-17,4.2999999999999998
鸡蛋,散鸡蛋,2026-04-18,4.2999999999999998
鸡蛋,散鸡蛋,2026-04-19,4.2999999999999998
鸡蛋,散鸡蛋,2026-04-20,4.5
鸡蛋,散鸡蛋,2026-04-21,4.5
鸡蛋,散鸡蛋,2026-04-22,4.4500000000000002
鸡蛋,散鸡蛋,2026-04-23,4.4500000000000002
鸡蛋,散鸡蛋,2026-04-24,4.5
鸡蛋,散鸡蛋,2026-04-25,4.5
鸡蛋,散鸡蛋,2026-04-26,4.5
鸡蛋,散鸡蛋,2026-04-27,4.5
鸡蛋,散鸡蛋,2026-04-28,4.4500000000000002
鸡蛋,散鸡蛋,2026-04-29,4.4500000000000002
鸡蛋,散鸡蛋,2026-04-30,4.4500000000000002
鸡蛋,散鸡蛋,2026-05-01,4.4500000000000002
鸡蛋,散鸡蛋,2026-05-02,4.4500000000000002
鸡蛋,散鸡蛋,2026-05-03,4.4500000000000002
鸡蛋,散鸡蛋,2026-05-04,4.75
鸡蛋,散鸡蛋,2026-05-05,4.75
鸡蛋,散鸡蛋,2026-05-06,4.75
鸡蛋,散鸡蛋,2026-05-07,4.75
鸡蛋,散鸡蛋,2026-05-08,4.7000000000000002
鸡蛋,散鸡蛋,2026-05-09,4.7000000000000002
鸡蛋,散鸡蛋,2026-05-10,4.7000000000000002
鸡蛋,散鸡蛋,2026-05-11,4.75
鸡蛋,散鸡蛋,2026-05-12,4.75
鸡蛋,散鸡蛋,2026-05-13,4.75
鸡蛋,散鸡蛋,2026-05-14,4.75
鸡蛋,散鸡蛋,2026-05-15,4.75
鸡蛋,散鸡蛋,2026-05-16,4.75
鸡蛋,散鸡蛋,2026-05-17,4.75
鸡蛋,散鸡蛋,2026-05-18,4.9000000000000004
鸡蛋,散鸡蛋,2026-05-19,4.9000000000000004
鸡蛋,散鸡蛋,2026-05-20,4.9000000000000004
鸡蛋,散鸡蛋,2026-05-21,4.9000000000000004
鸡蛋,散鸡蛋,2026-05-22,5
鸡蛋,散鸡蛋,2026-05-23,5.0999999999999996
鸡蛋,散鸡蛋,2026-05-24,5.0999999999999996
鸡蛋,散鸡蛋,2026-05-25,5.0999999999999996
鸡蛋,散鸡蛋,2026-05-26,5.0999999999999996
鸡蛋,散鸡蛋,2026-05-27,5.4000000000000004
鸡蛋,散鸡蛋,2026-05-28,5.5
鸡蛋,散鸡蛋,2026-05-29,5.5499999999999998
鸡蛋,散鸡蛋,2026-05-30,5.5499999999999998
鸡蛋,散鸡蛋,2026-05-31,5.5499999999999998
鸡蛋,散鸡蛋,2026-06-01,5.9000000000000004
鸡蛋,散鸡蛋,2026-06-02,6
鸡蛋,散鸡蛋,2026-06-03,6
鸡蛋,散鸡蛋,2026-06-04,6
鸡蛋,散鸡蛋,2026-06-05,6.0999999999999996
鸡蛋,散鸡蛋,2026-06-06,6.0999999999999996
鸡蛋,散鸡蛋,2026-06-07,6.0999999999999996
鸡蛋,散鸡蛋,2026-06-08,5.9000000000000004
鸡蛋,散鸡蛋,2026-06-09,5.8499999999999996
鸡蛋,散鸡蛋,2026-06-10,5.8499999999999996
鸡蛋,散鸡蛋,2026-06-11,5.8499999999999996
鸡蛋,散鸡蛋,2026-06-12,5.8499999999999996
鸡蛋,散鸡蛋,2026-06-13,5.8499999999999996
鸡蛋,散鸡蛋,2026-06-14,5.8499999999999996
鸡蛋,散鸡蛋,2026-06-15,5.5999999999999996
鸡蛋,散鸡蛋,2026-06-16,5.5499999999999998
鸡蛋,散鸡蛋,2026-06-17,5.5499999999999998
鸡蛋,散鸡蛋,2026-06-18,5.5
鸡蛋,散鸡蛋,2026-06-19,5.4500000000000002
鸡蛋,散鸡蛋,2026-06-20,5.4500000000000002
鸡蛋,散鸡蛋,2026-06-21,5.4500000000000002
鸡蛋,散鸡蛋,2026-06-22,5.3499999999999996
鸡蛋,散鸡蛋,2026-06-23,5.3499999999999996
鸡蛋,散鸡蛋,2026-06-24,5.25
鸡蛋,散鸡蛋,2026-06-25,5.0999999999999996
鸡蛋,散鸡蛋,2026-06-26,5
鸡蛋,散鸡蛋,2026-06-27,5
鸡蛋,散鸡蛋,2026-06-28,5
鸡蛋,散鸡蛋,2026-06-29,4.8499999999999996
鸡蛋,散鸡蛋,2026-06-30,4.75
鸡蛋,散鸡蛋,2026-07-01,4.75
鸡蛋,散鸡蛋,2026-07-02,4.9000000000000004
鸡蛋,散鸡蛋,2026-07-03,4.9000000000000004
鸡蛋,散鸡蛋,2026-07-04,4.9000000000000004
鸡蛋,散鸡蛋,2026-07-05,4.9000000000000004
鸡蛋,散鸡蛋,2026-07-06,4.9000000000000004
鸡蛋,散鸡蛋,2026-07-07,4.9500000000000002
鸡蛋,散鸡蛋,2026-07-08,5
鸡蛋,散鸡蛋,2026-07-09,5
鸡蛋,散鸡蛋,2026-07-10,5
鸡蛋,散鸡蛋,2026-07-11,5
鸡蛋,散鸡蛋,2026-07-12,5
鸡蛋,散鸡蛋,2026-07-13,5.25
鸡蛋,散鸡蛋,2026-07-14,5.4000000000000004
鸡蛋,散鸡蛋,2026-07-15,5.4000000000000004
鸡蛋,散鸡蛋,2026-07-16,5.4000000000000004
鸡蛋,散鸡蛋,2026-07-17,5.4000000000000004
鸡蛋,散鸡蛋,2026-07-18,5.4000000000000004
鸡蛋,散鸡蛋,2026-07-19,5.4000000000000004
鸡蛋,散鸡蛋,2026-07-20,5.5
鸡蛋,散鸡蛋,2026-07-21,5.5
鸡蛋,散鸡蛋,2026-07-22,5.5
鸡蛋,散鸡蛋,2026-07-23,5.5
鸡蛋,散鸡蛋,2026-07-24,5.4000000000000004
鸡蛋,散鸡蛋,2026-07-25,5.4000000000000004
鸡蛋,散鸡蛋,2026-07-26,5.4000000000000004
鸡蛋,散鸡蛋,2026-07-27,5.25
鸡蛋,散鸡蛋,2026-07-28,5.25
鸡蛋,散鸡蛋,2026-07-29,5.25
鸡蛋,散鸡蛋,2026-07-30,5.25
鸡蛋,散鸡蛋,2026-07-31,5.0999999999999996
鸡蛋,散鸡蛋,2026-08-01,5.0999999999999996
鸡蛋,散鸡蛋,2026-08-02,5.0999999999999996
鸡蛋,散鸡蛋,2026-08-03,5
鸡蛋,散鸡蛋,2026-08-04,5
鸡蛋,散鸡蛋,2026-08-05,5
鸡蛋,散鸡蛋,2026-08-06,5
鸡蛋,散鸡蛋,2026-08-07,5
鸡蛋,散鸡蛋,2026-08-08,5
鸡蛋,散鸡蛋,2026-08-09,5
鸡蛋,散鸡蛋,2026-08-10,5.1500000000000004
鸡蛋,散鸡蛋,2026-08-11,5.25
鸡蛋,散鸡蛋,2026-08-12,5.4000000000000004
鸡蛋,散鸡蛋,2026-08-13,5.5
鸡蛋,散鸡蛋,2026-08-14,5.7000000000000002
鸡蛋,散鸡蛋,2026-08-15,5.7000000000000002
鸡蛋,散鸡蛋,2026-08-16,5.7000000000000002
鸡蛋,散鸡蛋,2026-08-17,5.9000000000000004
鸡蛋,散鸡蛋,2026-08-18,6
鸡蛋,散鸡蛋,2026-08-19,6
鸡蛋,散鸡蛋,2026-08-20,6
鸡蛋,散鸡蛋,2026-08-21,6
鸡蛋,散鸡蛋,2026-08-22,6
鸡蛋,散鸡蛋,2026-08-23,6
鸡蛋,散鸡蛋,2026-08-24,6
鸡蛋,散鸡蛋,2026-08-25,6.0999999999999996
鸡蛋,散鸡蛋,2026-08-26,6.0999999999999996
鸡蛋,散鸡蛋,2026-08-27,6
鸡蛋,散鸡蛋,2026-08-28,6
鸡蛋,散鸡蛋,2026-08-29,6
鸡蛋,散鸡蛋,2026-08-30,5.9000000000000004
鸡蛋,散鸡蛋,2026-08-31,5.9000000000000004
鸡蛋,散鸡蛋,2026-09-01,5.9000000000000004
鸡蛋,散鸡蛋,2026-09-02,5.9000000000000004
鸡蛋,散鸡蛋,2026-09-03,5.9000000000000004
鸡蛋,散鸡蛋,2026-09-04,5.9000000000000004
鸡蛋,散鸡蛋,2026-09-05,5.9000000000000004
鸡蛋,散鸡蛋,2026-09-06,5.9000000000000004
鸡蛋,散鸡蛋,2026-09-07,5.9000000000000004
鸡蛋,散鸡蛋,2026-09-08,6
鸡蛋,散鸡蛋,2026-09-09,6.0999999999999996
鸡蛋,散鸡蛋,2026-09-10,6.0999999999999996
鸡蛋,散鸡蛋,2026-09-11,6
鸡蛋,散鸡蛋,2026-09-12,6
鸡蛋,散鸡蛋,2026-09-13,6
鸡蛋,散鸡蛋,2026-09-14,6
鸡蛋,散鸡蛋,2026-09-15,6.0999999999999996
鸡蛋,散鸡蛋,2026-09-16,6.3499999999999996
鸡蛋,散鸡蛋,2026-09-17,6.3499999999999996
鸡蛋,散鸡蛋,2026-09-18,6.3499999999999996
鸡蛋,散鸡蛋,2026-09-19,6.1500000000000004
鸡蛋,散鸡蛋,2026-09-20,6.0999999999999996
鸡蛋,散鸡蛋,2026-09-21,6
鸡蛋,散鸡蛋,2026-09-22,5.9000000000000004
鸡蛋,散鸡蛋,2026-09-23,5.9000000000000004
鸡蛋,散鸡蛋,2026-09-24,5.8499999999999996
鸡蛋,散鸡蛋,2026-09-25,5.75
鸡蛋,散鸡蛋,2026-09-26,5.75
鸡蛋,散鸡蛋,2026-09-27,5.75
黄瓜,黄瓜,2024-09-28,1.925
黄瓜,黄瓜,2024-09-29,1.675
黄瓜,黄瓜,2024-09-30,1.675
黄瓜,黄瓜,2024-10-01,1.8
黄瓜,黄瓜,2024-10-02,2.0750000000000002
黄瓜,黄瓜,2024-10-03,2.0750000000000002
黄瓜,黄瓜,2024-10-04,2.0750000000000002
黄瓜,黄瓜,2024-10-05,2.0750000000000002
黄瓜,黄瓜,2024-10-06,2.0750000000000002
黄瓜,黄瓜,2024-10-07,2.0750000000000002
黄瓜,黄瓜,2024-10-08,1.925
黄瓜,黄瓜,2024-10-09,1.875
黄瓜,黄瓜,2024-10-10,1.75
黄瓜,黄瓜,2024-10-11,1.675
黄瓜,黄瓜,2024-10-12,1.625
黄瓜,黄瓜,2024-10-13,1.575
黄瓜,黄瓜,2024-10-14,1.5
黄瓜,黄瓜,2024-10-15,1.5
黄瓜,黄瓜,2024-10-16,1.45
黄瓜,黄瓜,2024-10-17,1.45
黄瓜,黄瓜,2024-10-18,1.3500000000000001
黄瓜,黄瓜,2024-10-19,1.3500000000000001
黄瓜,黄瓜,2024-10-20,1.3999999999999999
黄瓜,黄瓜,2024-10-21,1.5
黄瓜,黄瓜,2024-10-22,1.5
黄瓜,黄瓜,2024-10-23,1.6000000000000001
黄瓜,黄瓜,2024-10-24,1.625
黄瓜,黄瓜,2024-10-25,1.625
黄瓜,黄瓜,2024-10-26,1.625
黄瓜,黄瓜,2024-10-27,1.625
黄瓜,黄瓜,2024-10-28,1.625
黄瓜,黄瓜,2024-10-29,1.625
黄瓜,黄瓜,2024-10-30,1.625
黄瓜,黄瓜,2024-10-31,1.6499999999999999
黄瓜,黄瓜,2024-11-01,1.6499999999999999
黄瓜,黄瓜,2024-11-02,1.6499999999999999
黄瓜,黄瓜,2024-11-03,1.6499999999999999
黄瓜,黄瓜,2024-11-04,1.6499999999999999
黄瓜,黄瓜,2024-11-05,1.6000000000000001
黄瓜,黄瓜,2024-11-06,1.6000000000000001
黄瓜,黄瓜,2024-11-07,1.6000000000000001
黄瓜,黄瓜,2024-11-08,1.6000000000000001
黄瓜,黄瓜,2024-11-09,1.6000000000000001
黄瓜,黄瓜,2024-11-10,1.625
黄瓜,黄瓜,2024-11-11,1.625
黄瓜,黄瓜,2024-11-12,1.6499999999999999
黄瓜,黄瓜,2024-11-13,1.6499999999999999
黄瓜,黄瓜,2024-11-14,1.6499999999999999
黄瓜,黄瓜,2024-11-15,2.3500000000000001
黄瓜,黄瓜,2024-11-16,2.125
黄瓜,黄瓜,2024-11-17,2.2250000000000001
黄瓜,黄瓜,2024-11-18,2.2250000000000001
黄瓜,黄瓜,2024-11-19,2.3250000000000002
黄瓜,黄瓜,2024-11-20,3.0499999999999998
黄瓜,黄瓜,2024-11-21,3.0499999999999998
黄瓜,黄瓜,2024-11-22,2.875
黄瓜,黄瓜,2024-11-23,2.9249999999999998
黄瓜,黄瓜,2024-11-24,2.9249999999999998
黄瓜,黄瓜,2024-11-25,3.1749999999999998
黄瓜,黄瓜,2024-11-26,3.25
黄瓜,黄瓜,2024-11-27,3.1749999999999998
黄瓜,黄瓜,2024-11-28,2.9249999999999998
黄瓜,黄瓜,2024-11-29,2.7000000000000002
黄瓜,黄瓜,2024-11-30,2.6000000000000001
黄瓜,黄瓜,2024-12-01,2.6000000000000001
黄瓜,黄瓜,2024-12-02,2.7000000000000002
黄瓜,黄瓜,2024-12-03,2.7000000000000002
黄瓜,黄瓜,2024-12-04,2.7000000000000002
黄瓜,黄瓜,2024-12-05,2.6000000000000001
黄瓜,黄瓜,2024-12-06,2.5249999999999999
黄瓜,黄瓜,2024-12-07,2.3999999999999999
黄瓜,黄瓜,2024-12-08,2.3999999999999999
黄瓜,黄瓜,2024-12-09,2.3999999999999999
黄瓜,黄瓜,2024-12-10,2.25
黄瓜,黄瓜,2024-12-11,2.25
黄瓜,黄瓜,2024-12-12,2.25
黄瓜,黄瓜,2024-12-13,2.25
黄瓜,黄瓜,2024-12-14,2.2149999999999999
黄瓜,黄瓜,2024-12-15,2.165
黄瓜,黄瓜,2024-12-16,2.1899999999999999
黄瓜,黄瓜,2024-12-17,2.2000000000000002
黄瓜,黄瓜,2024-12-18,2.2000000000000002
黄瓜,黄瓜,2024-12-19,2.2000000000000002
黄瓜,黄瓜,2024-12-20,2.2749999999999999
黄瓜,黄瓜,2024-12-21,2.3500000000000001
黄瓜,黄瓜,2024-12-22,2.3500000000000001
黄瓜,黄瓜,2024-12-23,2.3250000000000002
黄瓜,黄瓜,2024-12-24,2.2749999999999999
黄瓜,黄瓜,2024-12-25,2.2749999999999999
黄瓜,黄瓜,2024-12-26,2.3250000000000002
黄瓜,黄瓜,2024-12-27,2.1749999999999998
黄瓜,黄瓜,2024-12-28,2.1749999999999998
黄瓜,黄瓜,2024-12-29,2.125
黄瓜,黄瓜,2024-12-30,2.2999999999999998
黄瓜,黄瓜,2024-12-31,2.2999999999999998
黄瓜,黄瓜,2025-01-01,2.2749999999999999
黄瓜,黄瓜,2025-01-02,2.125
黄瓜,黄瓜,2025-01-03,2.125
黄瓜,黄瓜,2025-01-04,2.125
黄瓜,黄瓜,2025-01-05,2.1000000000000001
黄瓜,黄瓜,2025-01-06,2.0750000000000002
黄瓜,黄瓜,2025-01-07,2
黄瓜,黄瓜,2025-01-08,2
黄瓜,黄瓜,2025-01-09,2
黄瓜,黄瓜,2025-01-10,2
黄瓜,黄瓜,2025-01-11,2
黄瓜,黄瓜,2025-01-12,2
黄瓜,黄瓜,2025-01-13,1.9750000000000001
黄瓜,黄瓜,2025-01-14,1.925
黄瓜,黄瓜,2025-01-15,2.25
黄瓜,黄瓜,2025-01-16,2.25
黄瓜,黄瓜,2025-01-17,2.625
黄瓜,黄瓜,2025-01-18,2.625
黄瓜,黄瓜,2025-01-19,2.625
黄瓜,黄瓜,2025-01-20,2.625
黄瓜,黄瓜,2025-01-21,2.7000000000000002
黄瓜,黄瓜,2025-01-22,2.9500000000000002
黄瓜,黄瓜,2025-01-23,3.4500000000000002
黄瓜,黄瓜,2025-01-24,3.8250000000000002
黄瓜,黄瓜,2025-01-25,3.8250000000000002
黄瓜,黄瓜,2025-01-26,3.7749999999999999
黄瓜,黄瓜,2025-01-27,3.7749999999999999
黄瓜,黄瓜,2025-02-05,2.7749999999999999
黄瓜,黄瓜,2025-02-06,2.7749999999999999
黄瓜,黄瓜,2025-02-07,2.7749999999999999
黄瓜,黄瓜,2025-02-08,2.7250000000000001
黄瓜,黄瓜,2025-02-09,2.5499999999999998
黄瓜,黄瓜,2025-02-10,2.5499999999999998
黄瓜,黄瓜,2025-02-11,2.4750000000000001
黄瓜,黄瓜,2025-02-12,2.3500000000000001
黄瓜,黄瓜,2025-02-13,2.25
黄瓜,黄瓜,2025-02-14,1.95
黄瓜,黄瓜,2025-02-15,1.7250000000000001
黄瓜,黄瓜,2025-02-16,1.7
黄瓜,黄瓜,2025-02-17,1.7
黄瓜,黄瓜,2025-02-18,1.6499999999999999
黄瓜,黄瓜,2025-02-19,1.6499999999999999
黄瓜,黄瓜,2025-02-20,1.6499999999999999
黄瓜,黄瓜,2025-02-21,1.6499999999999999
黄瓜,黄瓜,2025-02-22,1.625
黄瓜,黄瓜,2025-02-23,1.6499999999999999
黄瓜,黄瓜,2025-02-24,1.6499999999999999
黄瓜,黄瓜,2025-02-25,1.6499999999999999
黄瓜,黄瓜,2025-02-26,1.8
黄瓜,黄瓜,2025-02-27,1.8
黄瓜,黄瓜,2025-02-28,1.7250000000000001
黄瓜,黄瓜,2025-03-01,1.7250000000000001
黄瓜,黄瓜,2025-03-02,1.7250000000000001
黄瓜,黄瓜,2025-03-03,1.8500000000000001
黄瓜,黄瓜,2025-03-04,2.125
黄瓜,黄瓜,2025-03-05,2.2999999999999998
黄瓜,黄瓜,2025-03-06,2.2999999999999998
黄瓜,黄瓜,2025-03-07,2.1749999999999998
黄瓜,黄瓜,2025-03-08,2.1749999999999998
黄瓜,黄瓜,2025-03-09,2.125
黄瓜,黄瓜,2025-03-10,2.2749999999999999
黄瓜,黄瓜,2025-03-11,2.7999999999999998
黄瓜,黄瓜,2025-03-12,2.7999999999999998
黄瓜,黄瓜,2025-03-13,2.5499999999999998
黄瓜,黄瓜,2025-03-14,2.4750000000000001
黄瓜,黄瓜,2025-03-15,2.4750000000000001
黄瓜,黄瓜,2025-03-16,2.4249999999999998
黄瓜,黄瓜,2025-03-17,2.4249999999999998
黄瓜,黄瓜,2025-03-18,2.4249999999999998
黄瓜,黄瓜,2025-03-19,2.3500000000000001
黄瓜,黄瓜,2025-03-20,2.2749999999999999
黄瓜,黄瓜,2025-03-21,2.125
黄瓜,黄瓜,2025-03-22,2.0750000000000002
黄瓜,黄瓜,2025-03-23,2.0750000000000002
黄瓜,黄瓜,2025-03-24,2.125
黄瓜,黄瓜,2025-03-25,2.5
黄瓜,黄瓜,2025-03-26,2.5
黄瓜,黄瓜,2025-03-27,2.4249999999999998
黄瓜,黄瓜,2025-03-28,2.2749999999999999
黄瓜,黄瓜,2025-03-29,2.2749999999999999
黄瓜,黄瓜,2025-03-30,2.0750000000000002
黄瓜,黄瓜,2025-03-31,2.0750000000000002
黄瓜,黄瓜,2025-04-01,2
黄瓜,黄瓜,2025-04-02,1.95
黄瓜,黄瓜,2025-04-03,1.75
黄瓜,黄瓜,2025-04-04,1.75
黄瓜,黄瓜,2025-04-05,1.75
黄瓜,黄瓜,2025-04-06,1.825
黄瓜,黄瓜,2025-04-07,1.7749999999999999
黄瓜,黄瓜,2025-04-08,1.7749999999999999
黄瓜,黄瓜,2025-04-09,1.75
黄瓜,黄瓜,2025-04-10,1.675
黄瓜,黄瓜,2025-04-11,1.675
黄瓜,黄瓜,2025-04-12,1.675
黄瓜,黄瓜,2025-04-13,1.675
黄瓜,黄瓜,2025-04-14,1.5
黄瓜,黄瓜,2025-04-15,1.5
黄瓜,黄瓜,2025-04-16,1.5
黄瓜,黄瓜,2025-04-17,1.45
黄瓜,黄瓜,2025-04-18,1.2
黄瓜,黄瓜,2025-04-19,1.2
黄瓜,黄瓜,2025-04-20,1.375
黄瓜,黄瓜,2025-04-21,1.5
黄瓜,黄瓜,2025-04-22,1.5
黄瓜,黄瓜,2025-04-23,1.375
黄瓜,黄瓜,2025-04-24,1.375
黄瓜,黄瓜,2025-04-25,1.375
黄瓜,黄瓜,2025-04-26,1.425
黄瓜,黄瓜,2025-04-27,1.375
黄瓜,黄瓜,2025-04-28,1.3500000000000001
黄瓜,黄瓜,2025-04-29,1.3500000000000001
黄瓜,黄瓜,2025-04-30,1.325
黄瓜,黄瓜,2025-05-01,1.2250000000000001
黄瓜,黄瓜,2025-05-02,1.1000000000000001
黄瓜,黄瓜,2025-05-03,1.175
黄瓜,黄瓜,2025-05-04,1.1499999999999999
黄瓜,黄瓜,2025-05-05,1.1499999999999999
黄瓜,黄瓜,2025-05-06,1.1499999999999999
黄瓜,黄瓜,2025-05-07,1.1499999999999999
黄瓜,黄瓜,2025-05-08,1.1499999999999999
黄瓜,黄瓜,2025-05-09,1.1499999999999999
黄瓜,黄瓜,2025-05-10,1.1499999999999999
黄瓜,黄瓜,2025-05-11,1.1499999999999999
黄瓜,黄瓜,2025-05-12,1.05
黄瓜,黄瓜,2025-05-13,1.05
黄瓜,黄瓜,2025-05-14,1
黄瓜,黄瓜,2025-05-15,1
黄瓜,黄瓜,2025-05-16,1
黄瓜,黄瓜,2025-05-17,1
黄瓜,黄瓜,2025-05-18,0.94999999999999996
黄瓜,黄瓜,2025-05-19,1.05
黄瓜,黄瓜,2025-05-20,1.1499999999999999
黄瓜,黄瓜,2025-05-21,1.1499999999999999
黄瓜,黄瓜,2025-05-22,1.0249999999999999
黄瓜,黄瓜,2025-05-23,1.0249999999999999
黄瓜,黄瓜,2025-05-24,1.0249999999999999
黄瓜,黄瓜,2025-05-25,1.1499999999999999
黄瓜,黄瓜,2025-05-26,1.425
黄瓜,黄瓜,2025-05-27,1.425
黄瓜,黄瓜,2025-05-28,1.375
黄瓜,黄瓜,2025-05-29,1.375
黄瓜,黄瓜,2025-05-30,1.325
黄瓜,黄瓜,2025-05-31,1.325
黄瓜,黄瓜,2025-06-01,1.3
黄瓜,黄瓜,2025-06-02,1.3
黄瓜,黄瓜,2025-06-03,1.175
黄瓜,黄瓜,2025-06-04,1.2
黄瓜,黄瓜,2025-06-05,1.2
黄瓜,黄瓜,2025-06-06,1.175
黄瓜,黄瓜,2025-06-07,1.125
黄瓜,黄瓜,2025-06-08,1.0249999999999999
黄瓜,黄瓜,2025-06-09,0.94999999999999996
黄瓜,黄瓜,2025-06-10,1
黄瓜,黄瓜,2025-06-11,1
黄瓜,黄瓜,2025-06-12,1.1499999999999999
黄瓜,黄瓜,2025-06-13,1.2250000000000001
黄瓜,黄瓜,2025-06-14,1.2
黄瓜,黄瓜,2025-06-15,1.2
黄瓜,黄瓜,2025-06-16,1.2
黄瓜,黄瓜,2025-06-17,1.1499999999999999
黄瓜,黄瓜,2025-06-18,1.1499999999999999
黄瓜,黄瓜,2025-06-19,1.2250000000000001
黄瓜,黄瓜,2025-06-20,1.2250000000000001
黄瓜,黄瓜,2025-06-21,1.2250000000000001
黄瓜,黄瓜,2025-06-22,1.3
黄瓜,黄瓜,2025-06-23,1.425
黄瓜,黄瓜,2025-06-24,1.875
黄瓜,黄瓜,2025-06-25,1.875
黄瓜,黄瓜,2025-06-26,1.875
黄瓜,黄瓜,2025-06-27,1.875
黄瓜,黄瓜,2025-06-28,1.8
黄瓜,黄瓜,2025-06-29,1.8
黄瓜,黄瓜,2025-06-30,1.925
黄瓜,黄瓜,2025-07-01,1.925
黄瓜,黄瓜,2025-07-02,1.875
黄瓜,黄瓜,2025-07-03,1.6499999999999999
黄瓜,黄瓜,2025-07-04,1.1499999999999999
黄瓜,黄瓜,2025-07-05,1.25
黄瓜,黄瓜,2025-07-06,1.3999999999999999
黄瓜,黄瓜,2025-07-07,2
黄瓜,黄瓜,2025-07-08,2.2000000000000002
黄瓜,黄瓜,2025-07-09,2.0750000000000002
黄瓜,黄瓜,2025-07-10,2.125
黄瓜,黄瓜,2025-07-11,2.1749999999999998
黄瓜,黄瓜,2025-07-12,2.1749999999999998
黄瓜,黄瓜,2025-07-13,2
黄瓜,黄瓜,2025-07-14,1.6499999999999999
黄瓜,黄瓜,2025-07-15,1.375
黄瓜,黄瓜,2025-07-16,1.375
黄瓜,黄瓜,2025-07-17,1.375
黄瓜,黄瓜,2025-07-18,1.875
黄瓜,黄瓜,2025-07-19,1.875
黄瓜,黄瓜,2025-07-20,1.7749999999999999
黄瓜,黄瓜,2025-07-21,1.7
黄瓜,黄瓜,2025-07-22,1.625
黄瓜,黄瓜,2025-07-23,1.6000000000000001
黄瓜,黄瓜,2025-07-24,1.6000000000000001
黄瓜,黄瓜,2025-07-25,1.55
黄瓜,黄瓜,2025-07-26,1.55
黄瓜,黄瓜,2025-07-27,1.5
黄瓜,黄瓜,2025-07-28,1.5
黄瓜,黄瓜,2025-07-29,1.825
黄瓜,黄瓜,2025-07-30,1.925
黄瓜,黄瓜,2025-07-31,2.375
黄瓜,黄瓜,2025-08-01,2.3999999999999999
黄瓜,黄瓜,2025-08-02,2.3999999999999999
黄瓜,黄瓜,2025-08-03,2.3999999999999999
黄瓜,黄瓜,2025-08-04,2.3999999999999999
黄瓜,黄瓜,2025-08-05,2.3999999999999999
黄瓜,黄瓜,2025-08-06,2.375
黄瓜,黄瓜,2025-08-07,2.4249999999999998
黄瓜,黄瓜,2025-08-08,2.5750000000000002
黄瓜,黄瓜,2025-08-09,2.4750000000000001
黄瓜,黄瓜,2025-08-10,2.4750000000000001
黄瓜,黄瓜,2025-08-11,2.6749999999999998
黄瓜,黄瓜,2025-08-12,2.625
黄瓜,黄瓜,2025-08-13,2.5249999999999999
黄瓜,黄瓜,2025-08-14,2.5249999999999999
黄瓜,黄瓜,2025-08-15,2.5249999999999999
黄瓜,黄瓜,2025-08-16,2.5249999999999999
黄瓜,黄瓜,2025-08-17,2.5249999999999999
黄瓜,黄瓜,2025-08-18,2.5249999999999999
黄瓜,黄瓜,2025-08-19,2.5249999999999999
黄瓜,黄瓜,2025-08-20,2.7749999999999999
黄瓜,黄瓜,2025-08-21,2.75
黄瓜,黄瓜,2025-08-22,2.7999999999999998
黄瓜,黄瓜,2025-08-23,2.7999999999999998
黄瓜,黄瓜,2025-08-24,2.9750000000000001
黄瓜,黄瓜,2025-08-25,3.5249999999999999
黄瓜,黄瓜,2025-08-26,3.8500000000000001
黄瓜,黄瓜,2025-08-27,3.875
黄瓜,黄瓜,2025-08-28,3.875
黄瓜,黄瓜,2025-08-29,3.5750000000000002
黄瓜,黄瓜,2025-08-30,3.5750000000000002
黄瓜,黄瓜,2025-08-31,3.6000000000000001
黄瓜,黄瓜,2025-09-01,3.6499999999999999
黄瓜,黄瓜,2025-09-02,3.7749999999999999
黄瓜,黄瓜,2025-09-03,3.7749999999999999
黄瓜,黄瓜,2025-09-04,3.5
黄瓜,黄瓜,2025-09-05,3.2999999999999998
黄瓜,黄瓜,2025-09-06,3.1749999999999998
黄瓜,黄瓜,2025-09-07,3.0499999999999998
黄瓜,黄瓜,2025-09-08,2.9249999999999998
黄瓜,黄瓜,2025-09-09,2.7749999999999999
黄瓜,黄瓜,2025-09-10,2.5499999999999998
黄瓜,黄瓜,2025-09-11,2.1749999999999998
黄瓜,黄瓜,2025-09-12,2.1000000000000001
黄瓜,黄瓜,2025-09-13,1.8999999999999999
黄瓜,黄瓜,2025-09-14,1.8999999999999999
黄瓜,黄瓜,2025-09-15,1.825
黄瓜,黄瓜,2025-09-16,1.825
黄瓜,黄瓜,2025-09-17,1.825
黄瓜,黄瓜,2025-09-18,1.825
黄瓜,黄瓜,2025-09-19,1.95
黄瓜,黄瓜,2025-09-20,2.0499999999999998
黄瓜,黄瓜,2025-09-21,2.0499999999999998
黄瓜,黄瓜,2025-09-22,2.1499999999999999
黄瓜,黄瓜,2025-09-23,2.1499999999999999
黄瓜,黄瓜,2025-09-24,2.1499999999999999
黄瓜,黄瓜,2025-09-25,2.0499999999999998
黄瓜,黄瓜,2025-09-26,2.0499999999999998
黄瓜,黄瓜,2025-09-27,2.0499999999999998
黄瓜,黄瓜,2025-09-28,2.0499999999999998
黄瓜,黄瓜,2025-09-29,2
黄瓜,黄瓜,2025-09-30,2
黄瓜,黄瓜,2025-10-01,1.95
黄瓜,黄瓜,2025-10-02,1.95
黄瓜,黄瓜,2025-10-03,1.8999999999999999
黄瓜,黄瓜,2025-10-04,1.825
黄瓜,黄瓜,2025-10-05,1.825
黄瓜,黄瓜,2025-10-06,2.0750000000000002
黄瓜,黄瓜,2025-10-07,2.0750000000000002
黄瓜,黄瓜,2025-10-08,2.2250000000000001
黄瓜,黄瓜,2025-10-09,2.4249999999999998
黄瓜,黄瓜,2025-10-10,2.4249999999999998
黄瓜,黄瓜,2025-10-11,2.625
黄瓜,黄瓜,2025-10-12,3
黄瓜,黄瓜,2025-10-13,3
黄瓜,黄瓜,2025-10-14,3.2000000000000002
黄瓜,黄瓜,2025-10-15,3.3500000000000001
黄瓜,黄瓜,2025-10-16,3.5
黄瓜,黄瓜,2025-10-17,3.3250000000000002
黄瓜,黄瓜,2025-10-18,3.4500000000000002
黄瓜,黄瓜,2025-10-19,3.4500000000000002
黄瓜,黄瓜,2025-10-20,3.8250000000000002
黄瓜,黄瓜,2025-10-21,4.0750000000000002
黄瓜,黄瓜,2025-10-22,4.3250000000000002
黄瓜,黄瓜,2025-10-23,4.3250000000000002
黄瓜,黄瓜,2025-10-24,4.0499999999999998
黄瓜,黄瓜,2025-10-25,4.0499999999999998
黄瓜,黄瓜,2025-10-26,4.0499999999999998
黄瓜,黄瓜,2025-10-27,4.0499999999999998
黄瓜,黄瓜,2025-10-28,4.1749999999999998
黄瓜,黄瓜,2025-10-29,4.125
黄瓜,黄瓜,2025-10-30,4.125
黄瓜,黄瓜,2025-10-31,3.9500000000000002
黄瓜,黄瓜,2025-11-01,3.9500000000000002
黄瓜,黄瓜,2025-11-02,3.8250000000000002
黄瓜,黄瓜,2025-11-03,3.7000000000000002
黄瓜,黄瓜,2025-11-04,3.7000000000000002
黄瓜,黄瓜,2025-11-05,3.9500000000000002
黄瓜,黄瓜,2025-11-06,3.2999999999999998
黄瓜,黄瓜,2025-11-07,3.2999999999999998
黄瓜,黄瓜,2025-11-08,3.2999999999999998
黄瓜,黄瓜,2025-11-09,3.1749999999999998
黄瓜,黄瓜,2025-11-10,3.1749999999999998
黄瓜,黄瓜,2025-11-11,3.1749999999999998
黄瓜,黄瓜,2025-11-12,3.25
黄瓜,黄瓜,2025-11-13,3.3250000000000002
黄瓜,黄瓜,2025-11-14,3.3250000000000002
黄瓜,黄瓜,2025-11-15,3.3250000000000002
黄瓜,黄瓜,2025-11-16,3.3250000000000002
黄瓜,黄瓜,2025-11-17,3.3250000000000002
黄瓜,黄瓜,2025-11-18,3.375
黄瓜,黄瓜,2025-11-19,3.375
黄瓜,黄瓜,2025-11-20,3.375
黄瓜,黄瓜,2025-11-21,3.4500000000000002
黄瓜,黄瓜,2025-11-22,3.4500000000000002
黄瓜,黄瓜,2025-11-23,3.4500000000000002
黄瓜,黄瓜,2025-11-24,3.4500000000000002
黄瓜,黄瓜,2025-11-25,3.4500000000000002
黄瓜,黄瓜,2025-11-26,3.6000000000000001
黄瓜,黄瓜,2025-11-27,3.6749999999999998
黄瓜,黄瓜,2025-11-28,3.7250000000000001
黄瓜,黄瓜,2025-11-29,3.7250000000000001
黄瓜,黄瓜,2025-11-30,3.7250000000000001
黄瓜,黄瓜,2025-12-01,3.9249999999999998
黄瓜,黄瓜,2025-12-02,4.0499999999999998
黄瓜,黄瓜,2025-12-03,4.1749999999999998
黄瓜,黄瓜,2025-12-04,4.1749999999999998
黄瓜,黄瓜,2025-12-05,4.1749999999999998
黄瓜,黄瓜,2025-12-06,4.125
黄瓜,黄瓜,2025-12-07,4.0250000000000004
黄瓜,黄瓜,2025-12-08,4.0750000000000002
黄瓜,黄瓜,2025-12-09,4.0750000000000002
黄瓜,黄瓜,2025-12-10,4.0750000000000002
黄瓜,黄瓜,2025-12-11,4.125
黄瓜,黄瓜,2025-12-12,4.1749999999999998
黄瓜,黄瓜,2025-12-13,4.0999999999999996
黄瓜,黄瓜,2025-12-14,4.0999999999999996
黄瓜,黄瓜,2025-12-15,3.8500000000000001
黄瓜,黄瓜,2025-12-16,3.8500000000000001
黄瓜,黄瓜,2025-12-17,3.6499999999999999
黄瓜,黄瓜,2025-12-18,3.375
黄瓜,黄瓜,2025-12-19,3.375
黄瓜,黄瓜,2025-12-20,3.5
黄瓜,黄瓜,2025-12-21,3.5750000000000002
黄瓜,黄瓜,2025-12-22,3.5750000000000002
黄瓜,黄瓜,2025-12-23,3.5
黄瓜,黄瓜,2025-12-24,3.3250000000000002
黄瓜,黄瓜,2025-12-25,3.0750000000000002
黄瓜,黄瓜,2025-12-26,3.125
黄瓜,黄瓜,2025-12-27,2.8999999999999999
黄瓜,黄瓜,2025-12-28,3
黄瓜,黄瓜,2025-12-29,3
黄瓜,黄瓜,2025-12-30,3.0249999999999999
黄瓜,黄瓜,2025-12-31,3.0249999999999999
黄瓜,黄瓜,2026-01-01,3.0499999999999998
黄瓜,黄瓜,2026-01-02,3.3250000000000002
黄瓜,黄瓜,2026-01-03,3.5750000000000002
黄瓜,黄瓜,2026-01-04,3.4500000000000002
黄瓜,黄瓜,2026-01-05,3.2999999999999998
黄瓜,黄瓜,2026-01-06,3.25
黄瓜,黄瓜,2026-01-07,3.0750000000000002
黄瓜,黄瓜,2026-01-08,3
黄瓜,黄瓜,2026-01-09,3
黄瓜,黄瓜,2026-01-10,2.8250000000000002
黄瓜,黄瓜,2026-01-11,2.8250000000000002
黄瓜,黄瓜,2026-01-12,2.8250000000000002
黄瓜,黄瓜,2026-01-13,2.7250000000000001
黄瓜,黄瓜,2026-01-14,2.8500000000000001
黄瓜,黄瓜,2026-01-15,2.9500000000000002
黄瓜,黄瓜,2026-01-16,3.0249999999999999
黄瓜,黄瓜,2026-01-17,3.5750000000000002
黄瓜,黄瓜,2026-01-18,3.5750000000000002
黄瓜,黄瓜,2026-01-19,3.625
黄瓜,黄瓜,2026-01-20,3.5750000000000002
黄瓜,黄瓜,2026-01-21,3.5
黄瓜,黄瓜,2026-01-22,3.25
黄瓜,黄瓜,2026-01-23,3.2250000000000001
黄瓜,黄瓜,2026-01-24,3.375
黄瓜,黄瓜,2026-01-25,3.375
黄瓜,黄瓜,2026-01-26,3.375
黄瓜,黄瓜,2026-01-27,3.2999999999999998
黄瓜,黄瓜,2026-01-28,3.2749999999999999
黄瓜,黄瓜,2026-01-29,2.9750000000000001
黄瓜,黄瓜,2026-01-30,2.9750000000000001
黄瓜,黄瓜,2026-01-31,2.9249999999999998
黄瓜,黄瓜,2026-02-01,2.8250000000000002
黄瓜,黄瓜,2026-02-02,2.7749999999999999
黄瓜,黄瓜,2026-02-03,3.2000000000000002
黄瓜,黄瓜,2026-02-04,3.25
黄瓜,黄瓜,2026-02-05,3.1749999999999998
黄瓜,黄瓜,2026-02-06,3.1749999999999998
黄瓜,黄瓜,2026-02-07,3.1749999999999998
黄瓜,黄瓜,2026-02-08,3.1749999999999998
黄瓜,黄瓜,2026-02-09,3.0750000000000002
黄瓜,黄瓜,2026-02-10,3.0750000000000002
黄瓜,黄瓜,2026-02-11,3.5249999999999999
黄瓜,黄瓜,2026-02-12,3.5249999999999999
黄瓜,黄瓜,2026-02-13,3.5249999999999999
黄瓜,黄瓜,2026-02-14,3.5499999999999998
黄瓜,黄瓜,2026-02-15,3.5249999999999999
黄瓜,黄瓜,2026-02-16,3.6499999999999999
黄瓜,黄瓜,2026-02-24,2.9750000000000001
黄瓜,黄瓜,2026-02-25,2.875
黄瓜,黄瓜,2026-02-26,2.8250000000000002
黄瓜,黄瓜,2026-02-27,2.7999999999999998
黄瓜,黄瓜,2026-02-28,2.7749999999999999
黄瓜,黄瓜,2026-03-01,2.7749999999999999
黄瓜,黄瓜,2026-03-02,2.8999999999999999
黄瓜,黄瓜,2026-03-03,3.2000000000000002
黄瓜,黄瓜,2026-03-04,3.75
黄瓜,黄瓜,2026-03-05,3.8999999999999999
黄瓜,黄瓜,2026-03-06,3.9750000000000001
黄瓜,黄瓜,2026-03-07,3.7250000000000001
黄瓜,黄瓜,2026-03-08,3.625
黄瓜,黄瓜,2026-03-09,3.6000000000000001
黄瓜,黄瓜,2026-03-10,3.3250000000000002
黄瓜,黄瓜,2026-03-11,3.1000000000000001
黄瓜,黄瓜,2026-03-12,3
黄瓜,黄瓜,2026-03-13,2.7250000000000001
黄瓜,黄瓜,2026-03-14,2.625
黄瓜,黄瓜,2026-03-15,2.625
黄瓜,黄瓜,2026-03-16,2.625
黄瓜,黄瓜,2026-03-17,2.625
黄瓜,黄瓜,2026-03-18,2.625
黄瓜,黄瓜,2026-03-19,2.5249999999999999
黄瓜,黄瓜,2026-03-20,2.3999999999999999
黄瓜,黄瓜,2026-03-21,2.2749999999999999
黄瓜,黄瓜,2026-03-22,1.925
黄瓜,黄瓜,2026-03-23,1.925
黄瓜,黄瓜,2026-03-24,1.825
黄瓜,黄瓜,2026-03-25,1.7749999999999999
黄瓜,黄瓜,2026-03-26,1.675
黄瓜,黄瓜,2026-03-27,1.625
黄瓜,黄瓜,2026-03-28,1.6000000000000001
黄瓜,黄瓜,2026-03-29,1.6000000000000001
黄瓜,黄瓜,2026-03-30,1.6000000000000001
黄瓜,黄瓜,2026-03-31,1.6000000000000001
黄瓜,黄瓜,2026-04-01,1.6000000000000001
黄瓜,黄瓜,2026-04-02,1.6000000000000001
黄瓜,黄瓜,2026-04-03,1.6000000000000001
黄瓜,黄瓜,2026-04-04,1.55
黄瓜,黄瓜,2026-04-05,1.55
黄瓜,黄瓜,2026-04-06,1.3999999999999999
黄瓜,黄瓜,2026-04-07,1.3999999999999999
黄瓜,黄瓜,2026-04-08,1.3999999999999999
黄瓜,黄瓜,2026-04-09,1.3999999999999999
黄瓜,黄瓜,2026-04-10,1.3
黄瓜,黄瓜,2026-04-11,1.3
黄瓜,黄瓜,2026-04-12,1.3500000000000001
黄瓜,黄瓜,2026-04-13,1.3500000000000001
黄瓜,黄瓜,2026-04-14,1.3
黄瓜,黄瓜,2026-04-15,1.2
黄瓜,黄瓜,2026-04-16,1.1499999999999999
黄瓜,黄瓜,2026-04-17,1.1499999999999999
黄瓜,黄瓜,2026-04-18,1.1499999999999999
黄瓜,黄瓜,2026-04-19,1.125
黄瓜,黄瓜,2026-04-20,1.125
黄瓜,黄瓜,2026-04-21,1.0249999999999999
黄瓜,黄瓜,2026-04-22,1.0249999999999999
黄瓜,黄瓜,2026-04-23,1.0249999999999999
黄瓜,黄瓜,2026-04-24,1
黄瓜,黄瓜,2026-04-25,1
黄瓜,黄瓜,2026-04-26,1
黄瓜,黄瓜,2026-04-27,1
黄瓜,黄瓜,2026-04-28,1
黄瓜,黄瓜,2026-04-29,1
黄瓜,黄瓜,2026-04-30,1
黄瓜,黄瓜,2026-05-01,1
黄瓜,黄瓜,2026-05-02,1
黄瓜,黄瓜,2026-05-03,0.92500000000000004
黄瓜,黄瓜,2026-05-04,0.875
黄瓜,黄瓜,2026-05-05,0.84999999999999998
黄瓜,黄瓜,2026-05-06,0.84999999999999998
黄瓜,黄瓜,2026-05-07,0.84999999999999998
黄瓜,黄瓜,2026-05-08,0.77500000000000002
黄瓜,黄瓜,2026-05-09,0.77500000000000002
黄瓜,黄瓜,2026-05-10,0.77500000000000002
黄瓜,黄瓜,2026-05-11,0.77500000000000002
黄瓜,黄瓜,2026-05-12,0.72499999999999998
黄瓜,黄瓜,2026-05-13,0.72499999999999998
黄瓜,黄瓜,2026-05-14,0.72499999999999998
黄瓜,黄瓜,2026-05-15,0.72499999999999998
黄瓜,黄瓜,2026-05-16,0.65000000000000002
黄瓜,黄瓜,2026-05-17,0.69999999999999996
黄瓜,黄瓜,2026-05-18,0.65000000000000002
黄瓜,黄瓜,2026-05-19,0.69999999999999996
黄瓜,黄瓜,2026-05-20,0.69999999999999996
黄瓜,黄瓜,2026-05-21,0.82499999999999996
黄瓜,黄瓜,2026-05-22,0.875
黄瓜,黄瓜,2026-05-23,1.075
黄瓜,黄瓜,2026-05-24,1.125
黄瓜,黄瓜,2026-05-25,1.125
黄瓜,黄瓜,2026-05-26,1.125
黄瓜,黄瓜,2026-05-27,1.125
黄瓜,黄瓜,2026-05-28,1.5249999999999999
黄瓜,黄瓜,2026-05-29,1.4750000000000001
黄瓜,黄瓜,2026-05-30,1.4750000000000001
黄瓜,黄瓜,2026-05-31,1.4750000000000001
黄瓜,黄瓜,2026-06-01,1.4750000000000001
黄瓜,黄瓜,2026-06-02,1.2749999999999999
黄瓜,黄瓜,2026-06-03,1.125
黄瓜,黄瓜,2026-06-04,1.125
黄瓜,黄瓜,2026-06-05,1
黄瓜,黄瓜,2026-06-06,1
黄瓜,黄瓜,2026-06-07,1.05
黄瓜,黄瓜,2026-06-08,1.05
黄瓜,黄瓜,2026-06-09,1.05
黄瓜,黄瓜,2026-06-10,1.05
黄瓜,黄瓜,2026-06-11,0.94999999999999996
黄瓜,黄瓜,2026-06-12,0.92500000000000004
黄瓜,黄瓜,2026-06-13,0.92500000000000004
黄瓜,黄瓜,2026-06-14,0.92500000000000004
黄瓜,黄瓜,2026-06-15,0.90000000000000002
黄瓜,黄瓜,2026-06-16,0.82499999999999996
黄瓜,黄瓜,2026-06-17,0.82499999999999996
黄瓜,黄瓜,2026-06-18,0.82499999999999996
黄瓜,黄瓜,2026-06-19,0.77500000000000002
黄瓜,黄瓜,2026-06-20,0.77500000000000002
黄瓜,黄瓜,2026-06-21,0.77500000000000002
黄瓜,黄瓜,2026-06-22,0.84999999999999998
黄瓜,黄瓜,2026-06-23,0.90000000000000002
黄瓜,黄瓜,2026-06-24,0.90000000000000002
黄瓜,黄瓜,2026-06-25,0.90000000000000002
黄瓜,黄瓜,2026-06-26,0.94999999999999996
黄瓜,黄瓜,2026-06-27,1.05
黄瓜,黄瓜,2026-06-28,1.1499999999999999
黄瓜,黄瓜,2026-06-29,1.1499999999999999
黄瓜,黄瓜,2026-06-30,1.1000000000000001
黄瓜,黄瓜,2026-07-01,1.1000000000000001
黄瓜,黄瓜,2026-07-02,1.1000000000000001
黄瓜,黄瓜,2026-07-03,0.97499999999999998
黄瓜,黄瓜,2026-07-04,0.97499999999999998
黄瓜,黄瓜,2026-07-05,0.97499999999999998
黄瓜,黄瓜,2026-07-06,1.075
黄瓜,黄瓜,2026-07-07,1.075
黄瓜,黄瓜,2026-07-08,1.075
黄瓜,黄瓜,2026-07-09,1.075
黄瓜,黄瓜,2026-07-10,1.125
黄瓜,黄瓜,2026-07-11,1.5249999999999999
黄瓜,黄瓜,2026-07-12,1.5249999999999999
黄瓜,黄瓜,2026-07-13,2.3250000000000002
黄瓜,黄瓜,2026-07-14,2.375
黄瓜,黄瓜,2026-07-15,2.5499999999999998
黄瓜,黄瓜,2026-07-16,2.5499999999999998
黄瓜,黄瓜,2026-07-17,2.2250000000000001
黄瓜,黄瓜,2026-07-18,2.2250000000000001
黄瓜,黄瓜,2026-07-19,2.2749999999999999
黄瓜,黄瓜,2026-07-20,2.7000000000000002
黄瓜,黄瓜,2026-07-21,2.7000000000000002
黄瓜,黄瓜,2026-07-22,2.5750000000000002
黄瓜,黄瓜,2026-07-23,2.5750000000000002
黄瓜,黄瓜,2026-07-24,2.8500000000000001
黄瓜,黄瓜,2026-07-25,2.8500000000000001
黄瓜,黄瓜,2026-07-26,2.7000000000000002
黄瓜,黄瓜,2026-07-27,2.4750000000000001
黄瓜,黄瓜,2026-07-28,2.2749999999999999
黄瓜,黄瓜,2026-07-29,2.1000000000000001
黄瓜,黄瓜,2026-07-30,2
黄瓜,黄瓜,2026-07-31,1.95
黄瓜,黄瓜,2026-08-01,1.75
黄瓜,黄瓜,2026-08-02,1.925
黄瓜,黄瓜,2026-08-03,1.925
黄瓜,黄瓜,2026-08-04,2.0499999999999998
黄瓜,黄瓜,2026-08-05,2.2000000000000002
黄瓜,黄瓜,2026-08-06,2.3999999999999999
黄瓜,黄瓜,2026-08-07,2.625
黄瓜,黄瓜,2026-08-08,2.9500000000000002
黄瓜,黄瓜,2026-08-09,2.9500000000000002
黄瓜,黄瓜,2026-08-10,3
黄瓜,黄瓜,2026-08-11,3.25
黄瓜,黄瓜,2026-08-12,3.25
黄瓜,黄瓜,2026-08-13,3.25
黄瓜,黄瓜,2026-08-14,2.7000000000000002
黄瓜,黄瓜,2026-08-15,2.7000000000000002
黄瓜,黄瓜,2026-08-16,2.7000000000000002
黄瓜,黄瓜,2026-08-17,2.4500000000000002
黄瓜,黄瓜,2026-08-18,2.375
黄瓜,黄瓜,2026-08-19,2.375
黄瓜,黄瓜,2026-08-20,2.375
黄瓜,黄瓜,2026-08-21,2.3250000000000002
黄瓜,黄瓜,2026-08-22,2.2250000000000001
黄瓜,黄瓜,2026-08-23,2.2250000000000001
黄瓜,黄瓜,2026-08-24,2.2749999999999999
黄瓜,黄瓜,2026-08-25,2.2250000000000001
黄瓜,黄瓜,2026-08-26,2.2250000000000001
黄瓜,黄瓜,2026-08-27,2.1749999999999998
黄瓜,黄瓜,2026-08-28,2.25
黄瓜,黄瓜,2026-08-29,2.4750000000000001
黄瓜,黄瓜,2026-08-30,2.4750000000000001
黄瓜,黄瓜,2026-08-31,2.7999999999999998
黄瓜,黄瓜,2026-09-01,3.1749999999999998
黄瓜,黄瓜,2026-09-02,3.1749999999999998
黄瓜,黄瓜,2026-09-03,3
黄瓜,黄瓜,2026-09-04,2.9500000000000002
黄瓜,黄瓜,2026-09-05,2.8250000000000002
黄瓜,黄瓜,2026-09-06,2.375
黄瓜,黄瓜,2026-09-07,2.1000000000000001
黄瓜,黄瓜,2026-09-08,2.1000000000000001
黄瓜,黄瓜,2026-09-09,2.1000000000000001
黄瓜,黄瓜,2026-09-10,2.1000000000000001
黄瓜,黄瓜,2026-09-11,2.1000000000000001
黄瓜,黄瓜,2026-09-12,2.1000000000000001
黄瓜,黄瓜,2026-09-13,2.1000000000000001
黄瓜,黄瓜,2026-09-14,2.0499999999999998
黄瓜,黄瓜,2026-09-15,2.0499999999999998
黄瓜,黄瓜,2026-09-16,1.875
黄瓜,黄瓜,2026-09-17,1.55
黄瓜,黄瓜,2026-09-18,1.55
黄瓜,黄瓜,2026-09-19,1.55
黄瓜,黄瓜,2026-09-20,1.325
黄瓜,黄瓜,2026-09-21,1.325
黄瓜,黄瓜,2026-09-22,1.2
黄瓜,黄瓜,2026-09-23,1.175
黄瓜,黄瓜,2026-09-24,1.125
黄瓜,黄瓜,2026-09-25,1.125
黄瓜,黄瓜,2026-09-26,1.2
黄瓜,黄瓜,2026-09-27,1.1499999999999999
